distribution_sk,distribution_id,beneficiary_sk,location_sk,program_sk,time_sk,aid_type,quantity_distributed,unit_cost_usd,total_cost_usd,planned_date,actual_date,delay_days,delivery_status,transport_mode,distribution_point,staff_id,verification_method,beneficiary_confirmed,data_quality_flag,notes,injected_issue
7305,DIST-000001,4949,7,7,485,WASH Kit,15,60,900,2023-04-30,2023-05-09,9,Completed,Truck,DP-44,STF-010,List-based,0,0,,duplicate
6604,DIST-006604,,15,7,1049,WASH Kit,27,60,1620,2024-11-14,2024-11-22,8,Partial,Truck,DP-24,STF-150,Token,1,0,,missing_ben
8436,DIST-008436,4579,11,2,539,Food Ration,47,45,2115,2023-06-23,2023-06-30,7,,Truck,DP-50,STF-139,List-based,1,0,,null_status
6162,DIST-006162,,8,7,679,Medical Supplies,37,120,4440,2023-11-10,2023-11-18,8,Completed,Boat,DP-07,STF-156,Token,1,0,,missing_ben
3545,DIST-003545,920,5,4,404,Winterization Kit,24,75,1800,2023-02-08,2023-02-08,0,,Air,DP-47,STF-095,Voucher,0,0,,null_status
3488,DIST-000001,4874,1,10,515,NFI Kit,26,85,2210,2023-05-30,2023-06-02,3,Completed,Handcarry,DP-40,STF-168,Biometric,1,0,,duplicate
7797,DIST-007797,3773,12,9,874,Food Ration,31,45,1395,2024-05-23,2024-05-23,0,,Truck,DP-10,STF-195,List-based,1,0,,null_status
7857,DIST-007857,,3,9,1039,Food Ration,9,45,405,2024-11-04,2024-11-07,3,Completed,Boat,DP-31,STF-126,Biometric,1,0,,missing_ben
7508,DIST-007508,3027,2,8,764,Cash Transfer,-45,100,4500,2024-02-03,2024-02-07,4,In Transit,Handcarry,DP-45,STF-185,Token,1,0,,negative_qty
4760,DIST-004760,4805,6,3,400,Education Kit,27,35,945,2023-02-04,2027-01-15,1,Completed,Boat,DP-25,STF-119,List-based,1,0,,future_date
7725,DIST-007725,1735,14,4,668,Education Kit,10,35,350,2023-10-30,2023-10-30,0,,Truck,DP-08,STF-089,List-based,0,0,,null_status
7859,DIST-007859,757,13,5,1010,Food Ration,31,45,1395,2024-10-06,2024-10-09,3,,Truck,DP-04,STF-006,List-based,1,1,,null_status
4821,DIST-004821,274,5,4,517,Shelter Kit,-37,250,9250,2023-06-01,2023-06-07,6,Completed,Truck,DP-33,STF-113,Voucher,1,0,,negative_qty
4380,DIST-004380,2469,6,5,263,Food Ration,36,45,1620,2022-09-20,2022-09-25,5,,Truck,DP-21,STF-129,List-based,1,0,,null_status
1624,DIST-001624,2572,12,1,978,Winterization Kit,-2,75,150,2024-09-04,2024-09-23,19,Delayed,Air,DP-41,STF-006,Voucher,1,1,,negative_qty
5310,DIST-000001,1465,13,2,101,Cash Transfer,12,100,1200,2022-04-11,2022-04-14,3,Completed,Boat,DP-35,STF-127,Voucher,0,0,,duplicate
6949,DIST-006949,4271,14,4,1061,Education Kit,37,35,1295,2024-11-26,2027-01-15,6,Completed,Boat,DP-41,STF-105,Biometric,1,0,,future_date
4075,DIST-000001,3618,11,7,971,Winterization Kit,23,75,1725,2024-08-28,2024-09-04,7,Completed,Handcarry,DP-01,STF-080,Voucher,1,0,,duplicate
9903,DIST-000001,2673,7,2,110,WASH Kit,28,60,1680,2022-04-20,2022-04-28,8,Partial,Truck,DP-23,STF-059,Voucher,1,0,,duplicate
20,DIST-000020,,13,10,116,Shelter Kit,6,250,1500,2022-04-26,2022-04-28,2,Completed,Truck,DP-14,STF-150,Token,1,0,,missing_ben
6060,DIST-006060,667,2,3,121,Education Kit,39,35,1365,2022-05-01,2022-05-07,6,,Handcarry,DP-13,STF-092,Biometric,0,0,,null_status
6836,DIST-006836,4851,4,5,970,Winterization Kit,-44,75,3300,2024-08-27,2024-09-02,6,Delayed,Boat,DP-21,STF-161,List-based,0,0,,negative_qty
2307,DIST-002307,,9,8,542,WASH Kit,44,60,2640,2023-06-26,2023-07-01,5,Completed,Boat,DP-40,STF-127,Token,0,0,,missing_ben
4735,DIST-004735,,1,2,135,Medical Supplies,43,120,5160,2022-05-15,2022-05-24,9,Completed,Boat,DP-42,STF-066,Voucher,1,0,,missing_ben
8563,DIST-008563,3199,15,9,104,Shelter Kit,-16,250,4000,2022-04-14,2022-04-22,8,Partial,Air,DP-35,STF-193,Voucher,1,0,,negative_qty
3286,DIST-000001,481,3,6,679,Medical Supplies,3,120,360,2023-11-10,2023-11-20,10,In Transit,Truck,DP-47,STF-102,List-based,0,0,,duplicate
4040,DIST-004040,3460,11,2,644,NFI Kit,44,85,3740,2023-10-06,2027-01-15,3,Completed,Air,DP-30,STF-194,Biometric,1,0,,future_date
2026,DIST-002026,2296,9,1,9,Winterization Kit,39,75,2925,2022-01-09,2022-01-22,13,,Truck,DP-23,STF-023,List-based,1,0,,null_status
9894,DIST-000001,1774,1,4,648,Cash Transfer,34,100,3400,2023-10-10,2023-10-10,0,Completed,Air,DP-46,STF-169,Token,0,0,,duplicate
909,DIST-000909,999,4,6,524,Shelter Kit,23,250,5750,2023-06-08,2027-01-15,10,Failed,Handcarry,DP-09,STF-100,Biometric,1,0,,future_date
2380,DIST-000001,2107,5,4,966,Winterization Kit,26,75,1950,2024-08-23,2024-09-01,9,Failed,Handcarry,DP-07,STF-019,Token,1,0,,duplicate
1665,DIST-001665,909,5,10,201,Education Kit,-8,35,280,2022-07-20,2022-07-26,6,Delayed,Truck,DP-10,STF-136,List-based,1,0,,negative_qty
1686,DIST-001686,473,12,5,728,Food Ration,23,45,1035,2023-12-29,2024-01-12,14,,Air,DP-02,STF-080,Voucher,1,0,,null_status
7176,DIST-000001,3633,1,10,303,WASH Kit,5,60,300,2022-10-30,2022-11-03,4,Completed,Truck,DP-40,STF-003,Voucher,1,0,,duplicate
8984,DIST-008984,683,5,10,762,Education Kit,1,35,35,2024-02-01,2024-02-06,5,,Air,DP-22,STF-066,Token,1,0,,null_status
415,DIST-000415,,8,3,127,Shelter Kit,44,250,11000,2022-05-07,2022-05-21,14,Delayed,Handcarry,DP-16,STF-100,Token,0,0,,missing_ben
7112,DIST-007112,1442,3,10,290,Cash Transfer,29,100,2900,2022-10-17,2027-01-15,5,Completed,Boat,DP-06,STF-071,Voucher,1,0,,future_date
6920,DIST-006920,2870,8,10,703,Cash Transfer,-4,100,400,2023-12-04,2023-12-11,7,Partial,Truck,DP-24,STF-134,Biometric,1,0,,negative_qty
350,DIST-000001,607,3,3,763,Cash Transfer,23,100,2300,2024-02-02,2024-02-11,9,Failed,Boat,DP-35,STF-137,Biometric,1,0,,duplicate
7896,DIST-007896,4469,2,3,1034,Cash Transfer,-5,100,500,2024-10-30,2024-11-02,3,Completed,Handcarry,DP-48,STF-083,Biometric,1,0,,negative_qty
3904,DIST-003904,,14,4,514,Shelter Kit,8,250,2000,2023-05-29,2023-06-02,4,Partial,Boat,DP-27,STF-056,Token,1,0,,missing_ben
3434,DIST-003434,3752,9,1,2,Shelter Kit,-35,250,8750,2022-01-02,2022-01-07,5,Partial,Boat,DP-13,STF-140,Biometric,1,0,,negative_qty
679,DIST-000679,2523,11,4,471,Winterization Kit,22,75,1650,2023-04-16,2023-04-25,9,,Truck,DP-31,STF-141,Voucher,1,0,,null_status
1550,DIST-000001,1316,6,2,594,NFI Kit,30,85,2550,2023-08-17,2023-08-27,10,Completed,Truck,DP-29,STF-137,Token,0,0,,duplicate
6789,DIST-000001,979,11,9,888,Shelter Kit,29,250,7250,2024-06-06,2024-06-14,8,Completed,Handcarry,DP-30,STF-120,Token,1,0,,duplicate
5417,DIST-000001,1951,14,7,618,Shelter Kit,23,250,5750,2023-09-10,2023-09-18,8,Completed,Boat,DP-12,STF-187,List-based,0,1,,duplicate
722,DIST-000722,3210,11,8,971,Winterization Kit,-21,75,1575,2024-08-28,2024-09-06,9,Completed,Air,DP-37,STF-026,Token,1,0,,negative_qty
4306,DIST-004306,,14,7,372,NFI Kit,29,85,2465,2023-01-07,2023-01-09,2,Completed,Boat,DP-25,STF-031,Voucher,1,0,,missing_ben
7784,DIST-007784,,1,4,311,Shelter Kit,37,250,9250,2022-11-07,2022-11-19,12,Delayed,Air,DP-11,STF-161,Voucher,1,0,,missing_ben
4770,DIST-004770,,6,9,1048,Winterization Kit,39,75,2925,2024-11-13,2024-11-19,6,Completed,Boat,DP-44,STF-170,Token,1,0,,missing_ben
6812,DIST-006812,4463,4,3,539,Education Kit,49,35,1715,2023-06-23,2027-01-15,8,Completed,Truck,DP-43,STF-013,Voucher,0,0,,future_date
1897,DIST-001897,4051,5,10,196,Education Kit,32,35,1120,2022-07-15,2022-07-15,0,,Air,DP-35,STF-104,Token,1,0,,null_status
3505,DIST-003505,1966,9,6,170,Cash Transfer,42,100,4200,2022-06-19,2022-06-22,3,,Air,DP-06,STF-027,List-based,1,0,,null_status
9378,DIST-000001,4854,1,3,710,Shelter Kit,40,250,10000,2023-12-11,2023-12-11,0,Completed,Handcarry,DP-44,STF-152,Token,1,0,,duplicate
9606,DIST-009606,,14,9,1024,Winterization Kit,33,75,2475,2024-10-20,2024-10-30,10,Completed,Air,DP-17,STF-041,Biometric,1,0,,missing_ben
2329,DIST-002329,4446,9,7,449,Education Kit,5,35,175,2023-03-25,2023-04-01,7,,Air,DP-37,STF-079,Token,1,0,,null_status
4178,DIST-004178,,14,7,266,Education Kit,41,35,1435,2022-09-23,2022-09-29,6,Delayed,Handcarry,DP-37,STF-019,Token,1,1,,missing_ben
5609,DIST-005609,869,7,6,363,Education Kit,-42,35,1470,2022-12-29,2023-01-03,5,Completed,Air,DP-09,STF-015,Voucher,1,0,,negative_qty
2339,DIST-002339,1360,12,10,727,WASH Kit,-18,60,1080,2023-12-28,2024-01-02,5,Completed,Truck,DP-29,STF-111,List-based,1,1,,negative_qty
5072,DIST-000001,904,6,3,651,WASH Kit,38,60,2280,2023-10-13,2023-10-16,3,Completed,Boat,DP-21,STF-089,Biometric,0,0,,duplicate
972,DIST-000972,1671,4,10,570,Winterization Kit,11,75,825,2023-07-24,2023-07-31,7,,Truck,DP-31,STF-168,List-based,1,0,,null_status
3182,DIST-003182,3621,8,7,418,Food Ration,-33,45,1485,2023-02-22,2023-02-24,2,Completed,Boat,DP-26,STF-190,Token,1,0,,negative_qty
3140,DIST-003140,143,4,8,450,Winterization Kit,40,75,3000,2023-03-26,2027-01-15,0,Partial,Air,DP-04,STF-041,Voucher,1,0,,future_date
9524,DIST-009524,2475,5,1,477,Cash Transfer,13,100,1300,2023-04-22,2027-01-15,5,Completed,Air,DP-17,STF-181,List-based,1,0,,future_date
6090,DIST-006090,1392,5,8,916,Medical Supplies,38,120,4560,2024-07-04,2024-07-13,9,,Air,DP-43,STF-100,Token,1,0,,null_status
403,DIST-000403,,10,10,731,NFI Kit,18,85,1530,2024-01-01,2024-01-08,7,Completed,Truck,DP-28,STF-101,List-based,1,1,,missing_ben
8404,DIST-008404,1481,9,9,10,WASH Kit,40,60,2400,2022-01-10,2022-01-16,6,,Truck,DP-33,STF-055,Voucher,1,1,,null_status
8633,DIST-008633,4817,10,8,79,Winterization Kit,27,75,2025,2022-03-20,2022-03-25,5,,Boat,DP-50,STF-138,Token,1,0,,null_status
7938,DIST-000001,2119,6,5,906,Cash Transfer,26,100,2600,2024-06-24,2024-07-01,7,Completed,Truck,DP-08,STF-082,List-based,1,0,,duplicate
4340,DIST-004340,1672,7,3,914,NFI Kit,14,85,1190,2024-07-02,2027-01-15,2,Partial,Handcarry,DP-45,STF-190,Biometric,1,0,,future_date
871,DIST-000871,4880,15,2,447,Cash Transfer,-47,100,4700,2023-03-23,2023-03-24,1,Completed,Air,DP-22,STF-168,List-based,1,1,,negative_qty
628,DIST-000001,4264,14,1,621,Cash Transfer,39,100,3900,2023-09-13,2023-09-26,13,Delayed,Boat,DP-36,STF-147,Biometric,1,0,,duplicate
7491,DIST-007491,,10,10,135,Medical Supplies,3,120,360,2022-05-15,2022-05-17,2,In Transit,Truck,DP-49,STF-087,Voucher,1,0,,missing_ben
9285,DIST-009285,3358,6,9,205,Cash Transfer,-34,100,3400,2022-07-24,2022-07-26,2,Completed,Handcarry,DP-16,STF-099,Biometric,1,0,,negative_qty
4722,DIST-004722,4494,6,10,1089,WASH Kit,44,60,2640,2024-12-24,2024-12-28,4,,Truck,DP-36,STF-022,List-based,1,0,,null_status
5082,DIST-005082,,5,6,146,Cash Transfer,9,100,900,2022-05-26,2022-05-29,3,Completed,Air,DP-23,STF-169,Token,0,0,,missing_ben
9207,DIST-009207,,5,1,291,NFI Kit,32,85,2720,2022-10-18,2022-10-23,5,Completed,Boat,DP-13,STF-186,Voucher,0,0,,missing_ben
6869,DIST-000001,3091,10,10,259,Winterization Kit,12,75,900,2022-09-16,2022-09-23,7,Completed,Air,DP-41,STF-086,Biometric,1,0,,duplicate
1373,DIST-001373,2956,13,6,214,Winterization Kit,-15,75,1125,2022-08-02,2022-08-04,2,Completed,Air,DP-16,STF-180,Voucher,0,0,,negative_qty
1505,DIST-001505,3507,6,8,281,WASH Kit,22,60,1320,2022-10-08,2027-01-15,1,Partial,Boat,DP-28,STF-093,Voucher,1,0,,future_date
5575,DIST-005575,18,3,4,130,Shelter Kit,30,250,7500,2022-05-10,2027-01-15,10,In Transit,Handcarry,DP-36,STF-098,Token,0,0,,future_date
5809,DIST-005809,,5,5,1050,Medical Supplies,45,120,5400,2024-11-15,2024-11-19,4,Completed,Boat,DP-20,STF-005,Token,1,0,,missing_ben
4963,DIST-004963,1820,14,6,312,NFI Kit,19,85,1615,2022-11-08,2022-11-12,4,,Air,DP-26,STF-022,List-based,1,0,,null_status
6235,DIST-006235,3236,5,10,586,Medical Supplies,19,120,2280,2023-08-09,2027-01-15,4,Completed,Handcarry,DP-03,STF-155,Token,0,0,,future_date
8830,DIST-008830,1600,4,4,987,Food Ration,-48,45,2160,2024-09-13,2024-09-22,9,Failed,Handcarry,DP-46,STF-129,Voucher,1,0,,negative_qty
5094,DIST-000001,2648,4,9,346,Cash Transfer,27,100,2700,2022-12-12,2022-12-21,9,Completed,Boat,DP-50,STF-118,List-based,0,0,,duplicate
5199,DIST-000001,2784,3,3,623,Winterization Kit,35,75,2625,2023-09-15,2023-09-16,1,Failed,Boat,DP-03,STF-043,Biometric,1,0,,duplicate
2452,DIST-002452,2585,6,7,1039,WASH Kit,7,60,420,2024-11-04,2024-11-11,7,,Handcarry,DP-11,STF-126,List-based,1,0,,null_status
8338,DIST-008338,2561,8,2,294,WASH Kit,27,60,1620,2022-10-21,2022-11-03,13,,Air,DP-39,STF-064,Biometric,1,0,,null_status
5820,DIST-005820,,7,8,563,Education Kit,41,35,1435,2023-07-17,2023-07-24,7,Completed,Truck,DP-47,STF-144,List-based,0,0,,missing_ben
4192,DIST-004192,,10,9,289,WASH Kit,9,60,540,2022-10-16,2022-10-20,4,Failed,Handcarry,DP-30,STF-188,Voucher,1,0,,missing_ben
4967,DIST-000001,1952,4,9,174,Medical Supplies,16,120,1920,2022-06-23,2022-06-30,7,Completed,Air,DP-24,STF-009,Voucher,1,0,,duplicate
6362,DIST-006362,2111,11,4,927,Shelter Kit,36,250,9000,2024-07-15,2024-07-18,3,,Boat,DP-26,STF-042,Biometric,1,0,,null_status
2979,DIST-002979,712,15,9,129,Winterization Kit,34,75,2550,2022-05-09,2022-05-16,7,,Handcarry,DP-03,STF-155,Token,0,0,,null_status
2533,DIST-002533,3196,10,8,145,Winterization Kit,47,75,3525,2022-05-25,2027-01-15,3,Failed,Truck,DP-20,STF-141,Biometric,1,0,,future_date
9010,DIST-009010,3121,14,10,228,WASH Kit,21,60,1260,2022-08-16,2027-01-15,3,Completed,Handcarry,DP-12,STF-061,Voucher,1,0,,future_date
1670,DIST-000001,3,12,10,1058,Cash Transfer,42,100,4200,2024-11-23,2024-11-29,6,Completed,Boat,DP-06,STF-156,Biometric,0,0,,duplicate
715,DIST-000001,3697,3,10,1028,Education Kit,32,35,1120,2024-10-24,2024-11-02,9,Delayed,Truck,DP-32,STF-022,Biometric,1,1,,duplicate
873,DIST-000873,,7,7,669,Food Ration,46,45,2070,2023-10-31,2023-11-08,8,Completed,Boat,DP-20,STF-018,Biometric,1,0,,missing_ben
4974,DIST-004974,,4,7,761,NFI Kit,12,85,1020,2024-01-31,2024-02-05,5,Completed,Air,DP-42,STF-011,Voucher,0,1,,missing_ben
3252,DIST-003252,4692,6,1,297,Medical Supplies,-31,120,3720,2022-10-24,2022-10-24,0,Completed,Truck,DP-06,STF-030,Token,1,0,,negative_qty
7294,DIST-007294,,3,4,478,Shelter Kit,3,250,750,2023-04-23,2023-05-02,9,Partial,Air,DP-21,STF-049,Token,1,1,,missing_ben
7793,DIST-007793,2341,14,6,306,Food Ration,10,45,450,2022-11-02,2022-11-06,4,,Air,DP-17,STF-131,Token,1,0,,null_status
8109,DIST-008109,699,1,10,991,WASH Kit,-41,60,2460,2024-09-17,2024-10-05,18,Delayed,Truck,DP-20,STF-018,Biometric,1,0,,negative_qty
7523,DIST-007523,,7,4,359,Food Ration,32,45,1440,2022-12-25,2022-12-28,3,Completed,Handcarry,DP-14,STF-042,Token,1,0,,missing_ben
5664,DIST-005664,3043,7,3,238,Food Ration,11,45,495,2022-08-26,2022-09-02,7,,Boat,DP-36,STF-168,Token,1,0,,null_status
7550,DIST-007550,1044,10,5,713,Shelter Kit,8,250,2000,2023-12-14,2023-12-22,8,,Air,DP-36,STF-029,List-based,1,0,,null_status
7011,DIST-007011,4891,4,1,214,NFI Kit,23,85,1955,2022-08-02,2027-01-15,2,Partial,Truck,DP-50,STF-191,Voucher,1,0,,future_date
8263,DIST-008263,2126,5,5,1088,Food Ration,-28,45,1260,2024-12-23,2024-12-27,4,Completed,Boat,DP-28,STF-089,Token,1,0,,negative_qty
4195,DIST-004195,,12,8,400,Shelter Kit,49,250,12250,2023-02-04,2023-02-04,0,Completed,Truck,DP-46,STF-079,Biometric,1,0,,missing_ben
6768,DIST-006768,1479,8,5,629,Education Kit,-32,35,1120,2023-09-21,2023-09-22,1,Completed,Handcarry,DP-28,STF-142,Token,0,0,,negative_qty
2006,DIST-002006,4784,4,3,417,Education Kit,-4,35,140,2023-02-21,2023-02-24,3,Completed,Air,DP-04,STF-166,Token,1,0,,negative_qty
2052,DIST-002052,,4,6,825,Winterization Kit,38,75,2850,2024-04-04,2024-04-09,5,In Transit,Boat,DP-11,STF-147,Biometric,1,0,,missing_ben
9205,DIST-009205,4001,8,9,1045,Education Kit,34,35,1190,2024-11-10,2027-01-15,8,Delayed,Boat,DP-48,STF-117,Biometric,0,0,,future_date
497,DIST-000497,,2,2,241,Food Ration,37,45,1665,2022-08-29,2022-09-08,10,Completed,Truck,DP-33,STF-124,Voucher,1,0,,missing_ben
3287,DIST-003287,779,8,4,205,Medical Supplies,22,120,2640,2022-07-24,2027-01-15,9,Completed,Boat,DP-46,STF-177,List-based,0,0,,future_date
2398,DIST-002398,,12,7,777,Education Kit,17,35,595,2024-02-16,2024-03-01,14,Delayed,Boat,DP-30,STF-004,Biometric,1,0,,missing_ben
3176,DIST-003176,3153,12,4,601,Shelter Kit,25,250,6250,2023-08-24,2027-01-15,9,Completed,Boat,DP-17,STF-094,Biometric,1,0,,future_date
2411,DIST-002411,2170,4,10,350,Shelter Kit,46,250,11500,2022-12-16,2027-01-15,8,Partial,Truck,DP-41,STF-184,List-based,0,0,,future_date
4346,DIST-004346,,1,1,220,NFI Kit,10,85,850,2022-08-08,2022-08-08,0,Completed,Air,DP-46,STF-087,Biometric,1,0,,missing_ben
254,DIST-000254,4947,13,6,814,Food Ration,-48,45,2160,2024-03-24,2024-03-31,7,Delayed,Handcarry,DP-43,STF-107,List-based,1,0,,negative_qty
7493,DIST-007493,4231,9,5,4,WASH Kit,23,60,1380,2022-01-04,2027-01-15,2,In Transit,Air,DP-28,STF-031,List-based,1,1,,future_date
9382,DIST-000001,1718,3,8,668,Education Kit,11,35,385,2023-10-30,2023-11-04,5,Completed,Air,DP-50,STF-091,Voucher,1,0,,duplicate
6707,DIST-006707,2692,13,7,1039,NFI Kit,7,85,595,2024-11-04,2027-01-15,19,Delayed,Truck,DP-43,STF-197,Token,1,0,,future_date
7798,DIST-007798,,8,2,41,NFI Kit,26,85,2210,2022-02-10,2022-02-11,1,Completed,Air,DP-44,STF-108,List-based,1,0,,missing_ben
1796,DIST-001796,4043,9,2,274,NFI Kit,31,85,2635,2022-10-01,2027-01-15,3,Completed,Air,DP-17,STF-120,Token,1,0,,future_date
6137,DIST-000001,1073,7,5,989,NFI Kit,25,85,2125,2024-09-15,2024-09-18,3,Failed,Air,DP-37,STF-060,Biometric,1,0,,duplicate
9688,DIST-000001,2329,1,10,723,Cash Transfer,49,100,4900,2023-12-24,2023-12-29,5,Completed,Truck,DP-39,STF-040,Token,1,0,,duplicate
1376,DIST-000001,1613,6,8,1047,Food Ration,9,45,405,2024-11-12,2024-11-22,10,Delayed,Boat,DP-36,STF-075,Token,0,0,,duplicate
2036,DIST-002036,290,3,5,175,WASH Kit,31,60,1860,2022-06-24,2027-01-15,8,Delayed,Handcarry,DP-36,STF-036,List-based,1,0,,future_date
6509,DIST-006509,3125,6,8,125,Cash Transfer,27,100,2700,2022-05-05,2022-05-15,10,,Truck,DP-08,STF-178,Token,1,0,,null_status
451,DIST-000451,2383,4,3,931,Education Kit,-7,35,245,2024-07-19,2024-07-29,10,Completed,Boat,DP-11,STF-040,List-based,1,0,,negative_qty
7324,DIST-007324,194,7,3,781,Education Kit,13,35,455,2024-02-20,2024-02-24,4,,Handcarry,DP-15,STF-068,Biometric,1,0,,null_status
2544,DIST-002544,2042,1,8,434,Medical Supplies,-29,120,3480,2023-03-10,2023-03-17,7,In Transit,Air,DP-19,STF-144,List-based,0,0,,negative_qty
4960,DIST-000001,638,10,5,1044,Shelter Kit,10,250,2500,2024-11-09,2024-11-16,7,Completed,Truck,DP-11,STF-177,Token,0,0,,duplicate
3635,DIST-000001,4994,14,3,11,Cash Transfer,18,100,1800,2022-01-11,2022-01-18,7,Partial,Air,DP-27,STF-004,Token,1,0,,duplicate
2016,DIST-000001,28,3,4,900,WASH Kit,21,60,1260,2024-06-18,2024-06-22,4,Completed,Air,DP-47,STF-106,List-based,1,0,,duplicate
5615,DIST-005615,,3,4,93,Education Kit,46,35,1610,2022-04-03,2022-04-10,7,Completed,Air,DP-25,STF-064,Token,1,0,,missing_ben
8204,DIST-008204,4333,13,7,715,WASH Kit,-2,60,120,2023-12-16,2023-12-23,7,Completed,Handcarry,DP-16,STF-013,Voucher,1,0,,negative_qty
1466,DIST-000001,928,8,4,829,Cash Transfer,50,100,5000,2024-04-08,2024-04-15,7,Completed,Handcarry,DP-25,STF-001,Voucher,0,0,,duplicate
5147,DIST-005147,123,6,1,426,NFI Kit,40,85,3400,2023-03-02,2027-01-15,8,Completed,Handcarry,DP-39,STF-034,List-based,0,0,,future_date
2277,DIST-002277,3986,5,1,1081,Education Kit,26,35,910,2024-12-16,2027-01-15,9,Completed,Truck,DP-19,STF-147,Biometric,0,0,,future_date
436,DIST-000436,1198,12,4,878,Medical Supplies,4,120,480,2024-05-27,2024-05-28,1,,Handcarry,DP-06,STF-156,List-based,1,0,,null_status
1403,DIST-001403,1631,5,10,1020,Medical Supplies,-17,120,2040,2024-10-16,2024-10-22,6,Failed,Air,DP-16,STF-194,Voucher,1,0,,negative_qty
3368,DIST-003368,1809,4,5,719,NFI Kit,40,85,3400,2023-12-20,2023-12-26,6,,Boat,DP-26,STF-007,Biometric,1,0,,null_status
2777,DIST-002777,,13,1,642,Shelter Kit,33,250,8250,2023-10-04,2023-10-13,9,Completed,Truck,DP-10,STF-010,Token,1,0,,missing_ben
1366,DIST-001366,429,5,1,561,Food Ration,5,45,225,2023-07-15,2023-07-20,5,,Handcarry,DP-34,STF-148,Token,0,0,,null_status
3328,DIST-003328,4320,1,2,343,Education Kit,3,35,105,2022-12-09,2022-12-11,2,,Truck,DP-20,STF-079,Token,1,0,,null_status
2862,DIST-000001,2602,8,3,622,Shelter Kit,33,250,8250,2023-09-14,2023-09-21,7,Completed,Handcarry,DP-08,STF-043,Token,1,0,,duplicate
5075,DIST-000001,4920,2,5,663,Shelter Kit,11,250,2750,2023-10-25,2023-11-02,8,Failed,Truck,DP-08,STF-183,Biometric,1,0,,duplicate
9758,DIST-009758,2753,13,9,1022,Education Kit,-28,35,980,2024-10-18,2024-10-22,4,Partial,Handcarry,DP-40,STF-035,Voucher,0,0,,negative_qty
4023,DIST-004023,1582,5,3,814,WASH Kit,40,60,2400,2024-03-24,2027-01-15,5,Completed,Handcarry,DP-29,STF-142,Token,0,0,,future_date
5681,DIST-005681,,8,5,401,Cash Transfer,24,100,2400,2023-02-05,2023-02-08,3,Partial,Handcarry,DP-22,STF-096,Biometric,1,0,,missing_ben
8430,DIST-000001,4615,3,10,881,Education Kit,45,35,1575,2024-05-30,2024-06-04,5,Partial,Air,DP-34,STF-042,Biometric,0,0,,duplicate
2800,DIST-002800,3662,1,8,961,NFI Kit,16,85,1360,2024-08-18,2027-01-15,17,Delayed,Handcarry,DP-38,STF-076,Biometric,0,1,,future_date
9021,DIST-009021,4461,6,10,225,Cash Transfer,-10,100,1000,2022-08-13,2022-08-26,13,Delayed,Truck,DP-06,STF-082,Voucher,1,0,,negative_qty
950,DIST-000001,2725,14,7,630,Medical Supplies,30,120,3600,2023-09-22,2023-09-24,2,Completed,Air,DP-48,STF-131,Token,1,0,,duplicate
6991,DIST-006991,716,14,3,233,Education Kit,-15,35,525,2022-08-21,2022-08-27,6,Completed,Truck,DP-25,STF-033,Voucher,1,0,,negative_qty
4200,DIST-004200,2755,4,6,822,Education Kit,-13,35,455,2024-04-01,2024-04-06,5,Completed,Boat,DP-41,STF-157,Voucher,1,0,,negative_qty
4754,DIST-000001,1795,3,10,1093,Medical Supplies,32,120,3840,2024-12-28,2024-12-30,2,Partial,Boat,DP-03,STF-166,Token,1,1,,duplicate
651,DIST-000651,1759,4,8,758,Winterization Kit,-14,75,1050,2024-01-28,2024-02-03,6,Completed,Boat,DP-13,STF-116,Voucher,1,0,,negative_qty
8959,DIST-008959,,9,4,274,NFI Kit,48,85,4080,2022-10-01,2022-10-10,9,Completed,Truck,DP-37,STF-157,Token,1,0,,missing_ben
8876,DIST-008876,,15,3,166,Medical Supplies,36,120,4320,2022-06-15,2022-06-23,8,Partial,Air,DP-01,STF-043,List-based,1,1,,missing_ben
294,DIST-000294,2183,5,6,823,Shelter Kit,1,250,250,2024-04-02,2024-04-10,8,,Boat,DP-10,STF-088,Voucher,1,0,,null_status
9228,DIST-009228,950,3,8,389,NFI Kit,23,85,1955,2023-01-24,2027-01-15,7,Partial,Air,DP-21,STF-103,Biometric,1,0,,future_date
443,DIST-000443,,5,6,912,Food Ration,39,45,1755,2024-06-30,2024-07-06,6,Completed,Boat,DP-43,STF-067,Biometric,0,0,,missing_ben
4450,DIST-000001,2063,5,4,276,WASH Kit,43,60,2580,2022-10-03,2022-10-12,9,Completed,Air,DP-31,STF-144,Token,1,0,,duplicate
9400,DIST-009400,186,2,2,969,Winterization Kit,43,75,3225,2024-08-26,2027-01-15,1,Partial,Handcarry,DP-20,STF-036,Voucher,1,0,,future_date
8223,DIST-008223,2303,13,10,58,NFI Kit,32,85,2720,2022-02-27,2022-03-07,8,,Truck,DP-38,STF-079,List-based,1,0,,null_status
9702,DIST-009702,1325,11,7,955,Winterization Kit,-11,75,825,2024-08-12,2024-08-19,7,Completed,Air,DP-14,STF-155,List-based,1,0,,negative_qty
9706,DIST-000001,2244,13,3,547,Cash Transfer,30,100,3000,2023-07-01,2023-07-03,2,In Transit,Handcarry,DP-23,STF-154,Voucher,1,0,,duplicate
4853,DIST-004853,201,14,9,400,NFI Kit,3,85,255,2023-02-04,2027-01-15,1,Completed,Boat,DP-25,STF-026,Biometric,0,0,,future_date
1742,DIST-001742,2104,2,5,79,Winterization Kit,37,75,2775,2022-03-20,2022-03-30,10,,Boat,DP-41,STF-127,Voucher,1,0,,null_status
9273,DIST-009273,3642,1,9,385,Education Kit,7,35,245,2023-01-20,2023-01-23,3,,Truck,DP-42,STF-184,Token,1,0,,null_status
4061,DIST-004061,,4,4,914,Cash Transfer,8,100,800,2024-07-02,2024-07-11,9,Partial,Air,DP-15,STF-046,List-based,1,0,,missing_ben
6806,DIST-006806,1194,5,2,402,Education Kit,38,35,1330,2023-02-06,2027-01-15,5,Completed,Air,DP-21,STF-064,Token,1,0,,future_date
7666,DIST-007666,3416,6,3,188,Food Ration,-4,45,180,2022-07-07,2022-07-16,9,Delayed,Air,DP-36,STF-019,List-based,1,0,,negative_qty
3827,DIST-003827,1106,8,8,360,NFI Kit,6,85,510,2022-12-26,2022-12-30,4,,Air,DP-35,STF-121,List-based,0,0,,null_status
7943,DIST-000001,1425,3,3,415,Cash Transfer,8,100,800,2023-02-19,2023-02-20,1,Partial,Handcarry,DP-23,STF-077,Token,1,0,,duplicate
3373,DIST-003373,2134,12,5,550,Cash Transfer,-36,100,3600,2023-07-04,2023-07-11,7,Completed,Handcarry,DP-37,STF-059,List-based,1,0,,negative_qty
1734,DIST-001734,2684,3,9,1039,Food Ration,18,45,810,2024-11-04,2024-11-06,2,,Truck,DP-37,STF-164,List-based,1,0,,null_status
5475,DIST-005475,,6,7,619,Cash Transfer,36,100,3600,2023-09-11,2023-09-29,18,Delayed,Handcarry,DP-10,STF-074,Voucher,1,0,,missing_ben
448,DIST-000448,,8,7,445,Winterization Kit,1,75,75,2023-03-21,2023-03-26,5,Delayed,Handcarry,DP-49,STF-003,Token,1,1,,missing_ben
2383,DIST-002383,1022,7,3,17,Winterization Kit,-44,75,3300,2022-01-17,2022-01-23,6,Failed,Air,DP-28,STF-154,Voucher,1,0,,negative_qty
4402,DIST-004402,4072,1,3,934,Medical Supplies,-32,120,3840,2024-07-22,2024-07-23,1,Partial,Boat,DP-39,STF-156,Biometric,1,0,,negative_qty
3266,DIST-000001,2805,11,10,658,Education Kit,18,35,630,2023-10-20,2023-10-23,3,Completed,Truck,DP-20,STF-075,Biometric,1,0,,duplicate
1123,DIST-001123,2559,1,9,484,NFI Kit,-38,85,3230,2023-04-29,2023-05-04,5,Partial,Truck,DP-29,STF-113,Biometric,1,0,,negative_qty
1490,DIST-001490,2268,4,1,681,Shelter Kit,21,250,5250,2023-11-12,2023-11-17,5,,Truck,DP-36,STF-161,Token,1,0,,null_status
277,DIST-000277,1904,5,3,84,Winterization Kit,43,75,3225,2022-03-25,2027-01-15,0,Completed,Truck,DP-01,STF-190,Token,0,0,,future_date
5658,DIST-005658,4850,12,1,725,NFI Kit,31,85,2635,2023-12-26,2024-01-05,10,,Air,DP-08,STF-200,Biometric,0,0,,null_status
2027,DIST-002027,3056,9,3,1071,Cash Transfer,-12,100,1200,2024-12-06,2024-12-06,0,Partial,Air,DP-30,STF-042,List-based,1,0,,negative_qty
8883,DIST-008883,4736,3,1,488,WASH Kit,41,60,2460,2023-05-03,2027-01-15,0,Completed,Boat,DP-29,STF-164,Token,1,0,,future_date
7767,DIST-007767,,11,7,1014,Education Kit,38,35,1330,2024-10-10,2024-10-16,6,Failed,Air,DP-28,STF-149,Token,0,0,,missing_ben
3911,DIST-003911,2140,5,2,523,Cash Transfer,-36,100,3600,2023-06-07,2023-06-11,4,Completed,Handcarry,DP-28,STF-148,List-based,1,0,,negative_qty
8753,DIST-000001,3269,10,3,611,WASH Kit,42,60,2520,2023-09-03,2023-09-05,2,Completed,Air,DP-01,STF-133,Biometric,0,0,,duplicate
9516,DIST-009516,,12,6,298,Shelter Kit,44,250,11000,2022-10-25,2022-11-11,17,Delayed,Boat,DP-40,STF-078,List-based,0,0,,missing_ben
2601,DIST-002601,1358,1,7,831,WASH Kit,39,60,2340,2024-04-10,2024-04-17,7,,Handcarry,DP-11,STF-074,List-based,0,0,,null_status
5000,DIST-005000,583,12,10,84,Shelter Kit,6,250,1500,2022-03-25,2027-01-15,17,Delayed,Boat,DP-09,STF-050,Token,0,0,,future_date
8543,DIST-000001,459,10,4,976,Shelter Kit,16,250,4000,2024-09-02,2024-09-06,4,Delayed,Air,DP-37,STF-151,Token,1,0,,duplicate
3838,DIST-003838,1671,6,2,921,Cash Transfer,-50,100,5000,2024-07-09,2024-07-09,0,Completed,Truck,DP-04,STF-004,Token,1,0,,negative_qty
6683,DIST-000001,2021,3,3,667,WASH Kit,39,60,2340,2023-10-29,2023-11-02,4,Completed,Truck,DP-43,STF-148,List-based,1,1,,duplicate
1660,DIST-001660,1345,8,2,252,Medical Supplies,47,120,5640,2022-09-09,2027-01-15,9,Completed,Boat,DP-22,STF-079,Biometric,1,0,,future_date
1753,DIST-001753,3372,7,10,285,Education Kit,37,35,1295,2022-10-12,2027-01-15,7,In Transit,Handcarry,DP-34,STF-110,Biometric,1,1,,future_date
7326,DIST-007326,3783,1,8,543,NFI Kit,20,85,1700,2023-06-27,2027-01-15,8,Completed,Boat,DP-01,STF-144,List-based,1,1,,future_date
9819,DIST-009819,2890,8,7,46,Winterization Kit,3,75,225,2022-02-15,2022-02-19,4,,Boat,DP-44,STF-079,Voucher,0,0,,null_status
7939,DIST-000001,3321,2,6,418,WASH Kit,18,60,1080,2023-02-22,2023-03-01,7,Partial,Handcarry,DP-10,STF-127,Biometric,1,0,,duplicate
5083,DIST-005083,2988,3,8,360,Cash Transfer,-15,100,1500,2022-12-26,2022-12-30,4,Partial,Boat,DP-14,STF-183,List-based,1,0,,negative_qty
5353,DIST-005353,3617,12,6,501,Medical Supplies,-12,120,1440,2023-05-16,2023-05-20,4,In Transit,Handcarry,DP-50,STF-151,Token,1,0,,negative_qty
7479,DIST-007479,,2,10,753,WASH Kit,1,60,60,2024-01-23,2024-01-28,5,Completed,Truck,DP-13,STF-015,Token,1,0,,missing_ben
9885,DIST-009885,747,14,8,1070,Cash Transfer,4,100,400,2024-12-05,2024-12-07,2,,Boat,DP-02,STF-028,Voucher,1,0,,null_status
9861,DIST-000001,3376,11,5,505,Medical Supplies,10,120,1200,2023-05-20,2023-05-24,4,Completed,Truck,DP-12,STF-174,List-based,1,0,,duplicate
5156,DIST-005156,4482,1,4,621,Food Ration,5,45,225,2023-09-13,2023-09-16,3,,Handcarry,DP-38,STF-094,Voucher,1,0,,null_status
3824,DIST-003824,2200,6,9,399,Education Kit,41,35,1435,2023-02-03,2027-01-15,5,Completed,Handcarry,DP-26,STF-010,Biometric,0,0,,future_date
4297,DIST-004297,,13,8,1025,Shelter Kit,35,250,8750,2024-10-21,2024-10-31,10,Partial,Truck,DP-49,STF-015,Token,1,0,,missing_ben
4460,DIST-004460,,2,9,831,Education Kit,19,35,665,2024-04-10,2024-04-17,7,Partial,Truck,DP-43,STF-113,Biometric,0,0,,missing_ben
2882,DIST-002882,3427,5,8,715,Food Ration,-37,45,1665,2023-12-16,2023-12-21,5,Completed,Handcarry,DP-15,STF-027,List-based,1,0,,negative_qty
561,DIST-000561,2334,15,10,928,Shelter Kit,-18,250,4500,2024-07-16,2024-07-18,2,Failed,Air,DP-10,STF-160,List-based,0,1,,negative_qty
7174,DIST-000001,3942,12,7,275,Shelter Kit,35,250,8750,2022-10-02,2022-10-05,3,In Transit,Handcarry,DP-33,STF-029,Biometric,1,0,,duplicate
6556,DIST-006556,3250,15,5,682,Medical Supplies,-28,120,3360,2023-11-13,2023-11-21,8,Completed,Truck,DP-10,STF-083,Voucher,1,0,,negative_qty
6373,DIST-006373,752,15,4,945,NFI Kit,-41,85,3485,2024-08-02,2024-08-12,10,Partial,Air,DP-08,STF-080,Voucher,0,0,,negative_qty
9004,DIST-000001,2231,1,7,799,Food Ration,29,45,1305,2024-03-09,2024-03-11,2,Partial,Boat,DP-50,STF-137,Biometric,1,0,,duplicate
8175,DIST-008175,,3,6,922,Winterization Kit,25,75,1875,2024-07-10,2024-07-20,10,Delayed,Truck,DP-39,STF-119,List-based,1,0,,missing_ben
7060,DIST-007060,353,15,10,508,Medical Supplies,14,120,1680,2023-05-23,2023-05-27,4,,Truck,DP-23,STF-189,Biometric,0,0,,null_status
1836,DIST-001836,,10,1,435,Food Ration,25,45,1125,2023-03-11,2023-03-12,1,Completed,Handcarry,DP-32,STF-171,Biometric,1,0,,missing_ben
8948,DIST-008948,,1,6,638,Shelter Kit,39,250,9750,2023-09-30,2023-10-04,4,Failed,Air,DP-10,STF-148,Biometric,1,0,,missing_ben
8186,DIST-008186,,15,9,442,WASH Kit,19,60,1140,2023-03-18,2023-03-21,3,Completed,Boat,DP-01,STF-116,Token,1,0,,missing_ben
296,DIST-000296,2899,1,1,337,Education Kit,-41,35,1435,2022-12-03,2022-12-21,18,Delayed,Air,DP-43,STF-052,Token,1,0,,negative_qty
4571,DIST-004571,2438,4,6,314,Food Ration,-42,45,1890,2022-11-10,2022-11-16,6,Delayed,Boat,DP-40,STF-104,Biometric,1,0,,negative_qty
6819,DIST-006819,706,11,3,633,Food Ration,3,45,135,2023-09-25,2027-01-15,0,Partial,Truck,DP-30,STF-027,Token,0,0,,future_date
953,DIST-000001,4581,3,5,718,Medical Supplies,1,120,120,2023-12-19,2023-12-27,8,Failed,Handcarry,DP-08,STF-053,Biometric,1,0,,duplicate
4621,DIST-004621,378,10,4,388,NFI Kit,30,85,2550,2023-01-23,2027-01-15,16,Delayed,Truck,DP-09,STF-119,Token,1,0,,future_date
3644,DIST-003644,980,10,4,1094,NFI Kit,38,85,3230,2024-12-29,2027-01-15,9,Completed,Air,DP-28,STF-167,Voucher,1,0,,future_date
7809,DIST-007809,,3,10,1011,Cash Transfer,43,100,4300,2024-10-07,2024-10-15,8,Completed,Truck,DP-27,STF-158,List-based,1,0,,missing_ben
9061,DIST-009061,,2,8,908,NFI Kit,45,85,3825,2024-06-26,2024-06-30,4,Completed,Truck,DP-50,STF-021,Voucher,1,0,,missing_ben
5769,DIST-005769,1165,6,2,982,Cash Transfer,35,100,3500,2024-09-08,2027-01-15,4,Partial,Air,DP-36,STF-165,List-based,0,0,,future_date
6228,DIST-006228,4641,1,9,607,Winterization Kit,-40,75,3000,2023-08-30,2023-09-06,7,Failed,Handcarry,DP-18,STF-118,Token,1,0,,negative_qty
1714,DIST-000001,4730,15,6,593,Winterization Kit,23,75,1725,2023-08-16,2023-08-27,11,Delayed,Truck,DP-07,STF-043,Biometric,0,0,,duplicate
2109,DIST-000001,4374,2,7,912,WASH Kit,49,60,2940,2024-06-30,2024-07-03,3,Completed,Truck,DP-11,STF-125,Token,1,0,,duplicate
8938,DIST-008938,,6,6,274,NFI Kit,35,85,2975,2022-10-01,2022-10-04,3,Completed,Boat,DP-17,STF-027,Biometric,1,0,,missing_ben
341,DIST-000341,,8,4,427,Medical Supplies,20,120,2400,2023-03-03,2023-03-12,9,Completed,Truck,DP-40,STF-016,Biometric,1,1,,missing_ben
6120,DIST-006120,,13,5,686,Education Kit,10,35,350,2023-11-17,2023-11-25,8,Completed,Truck,DP-07,STF-157,Biometric,1,0,,missing_ben
9814,DIST-000001,2161,7,5,474,Cash Transfer,14,100,1400,2023-04-19,2023-04-22,3,Completed,Boat,DP-46,STF-110,Biometric,1,0,,duplicate
3600,DIST-003600,3984,15,6,668,Winterization Kit,13,75,975,2023-10-30,2023-11-07,8,,Truck,DP-46,STF-103,Voucher,1,0,,null_status
7836,DIST-007836,3677,10,3,94,Winterization Kit,-27,75,2025,2022-04-04,2022-04-13,9,Completed,Truck,DP-01,STF-014,Biometric,1,0,,negative_qty
4356,DIST-004356,3317,2,8,218,NFI Kit,-44,85,3740,2022-08-06,2022-08-09,3,Completed,Handcarry,DP-33,STF-159,Voucher,1,0,,negative_qty
7367,DIST-007367,4040,11,10,487,WASH Kit,35,60,2100,2023-05-02,2027-01-15,3,Failed,Truck,DP-32,STF-087,Biometric,1,0,,future_date
8697,DIST-008697,1292,12,6,497,Shelter Kit,3,250,750,2023-05-12,2023-05-16,4,,Handcarry,DP-47,STF-080,Token,0,0,,null_status
890,DIST-000890,1860,6,9,84,Medical Supplies,42,120,5040,2022-03-25,2022-04-03,9,,Boat,DP-16,STF-161,Token,1,0,,null_status
9309,DIST-009309,4394,4,3,973,WASH Kit,41,60,2460,2024-08-30,2024-09-02,3,,Handcarry,DP-19,STF-110,Token,0,0,,null_status
2429,DIST-002429,2022,6,4,86,Cash Transfer,42,100,4200,2022-03-27,2022-04-04,8,,Boat,DP-19,STF-063,Token,1,0,,null_status
9545,DIST-009545,,8,10,350,NFI Kit,46,85,3910,2022-12-16,2022-12-25,9,Completed,Handcarry,DP-32,STF-043,Token,0,0,,missing_ben
7136,DIST-007136,4222,14,3,833,Education Kit,30,35,1050,2024-04-12,2027-01-15,0,Completed,Truck,DP-20,STF-007,Token,0,0,,future_date
828,DIST-000828,1133,5,1,306,Medical Supplies,-3,120,360,2022-11-02,2022-11-11,9,In Transit,Truck,DP-09,STF-042,List-based,1,0,,negative_qty
8137,DIST-008137,3682,8,7,301,Cash Transfer,-18,100,1800,2022-10-28,2022-11-07,10,Completed,Boat,DP-27,STF-186,Voucher,1,0,,negative_qty
5472,DIST-000001,1790,13,1,97,Food Ration,17,45,765,2022-04-07,2022-04-27,20,Delayed,Handcarry,DP-18,STF-052,Biometric,1,0,,duplicate
5354,DIST-005354,,1,5,429,Food Ration,43,45,1935,2023-03-05,2023-03-06,1,Completed,Boat,DP-26,STF-178,Token,1,0,,missing_ben
7371,DIST-007371,,1,7,102,Medical Supplies,45,120,5400,2022-04-12,2022-04-17,5,Delayed,Handcarry,DP-34,STF-086,List-based,1,0,,missing_ben
4374,DIST-004374,522,1,8,121,Cash Transfer,48,100,4800,2022-05-01,2022-05-08,7,,Boat,DP-33,STF-007,Voucher,1,0,,null_status
1318,DIST-001318,200,5,1,151,Shelter Kit,-25,250,6250,2022-05-31,2022-05-31,0,In Transit,Handcarry,DP-39,STF-139,Biometric,0,0,,negative_qty
9216,DIST-009216,2592,15,6,841,Medical Supplies,36,120,4320,2024-04-20,2027-01-15,9,Completed,Boat,DP-48,STF-129,Voucher,0,0,,future_date
8528,DIST-008528,1256,2,3,194,Medical Supplies,-49,120,5880,2022-07-13,2022-07-21,8,Delayed,Truck,DP-09,STF-048,Biometric,1,0,,negative_qty
1644,DIST-001644,4969,13,2,481,NFI Kit,41,85,3485,2023-04-26,2023-04-27,1,,Handcarry,DP-50,STF-177,Voucher,1,0,,null_status
9349,DIST-000001,2305,4,5,1044,Shelter Kit,6,250,1500,2024-11-09,2024-11-09,0,Completed,Boat,DP-08,STF-136,Biometric,0,0,,duplicate
9082,DIST-009082,3909,3,2,73,Medical Supplies,26,120,3120,2022-03-14,2022-03-17,3,,Handcarry,DP-47,STF-051,Biometric,1,0,,null_status
4102,DIST-004102,2566,11,1,150,Winterization Kit,-29,75,2175,2022-05-30,2022-06-07,8,Completed,Boat,DP-36,STF-043,List-based,1,0,,negative_qty
6262,DIST-006262,1033,14,8,460,Cash Transfer,3,100,300,2023-04-05,2023-04-06,1,,Air,DP-40,STF-083,Voucher,1,0,,null_status
7974,DIST-007974,,14,2,524,NFI Kit,38,85,3230,2023-06-08,2023-06-09,1,Completed,Truck,DP-40,STF-054,Token,0,0,,missing_ben
1534,DIST-001534,,15,8,1064,Food Ration,30,45,1350,2024-11-29,2024-11-30,1,Completed,Truck,DP-23,STF-032,Voucher,1,0,,missing_ben
4022,DIST-004022,4857,9,8,721,Food Ration,-6,45,270,2023-12-22,2023-12-25,3,In Transit,Boat,DP-41,STF-015,Token,0,0,,negative_qty
8575,DIST-008575,1197,14,10,674,Shelter Kit,-4,250,1000,2023-11-05,2023-11-15,10,In Transit,Truck,DP-45,STF-095,Token,1,0,,negative_qty
954,DIST-000954,564,1,5,1071,Cash Transfer,-45,100,4500,2024-12-06,2024-12-07,1,In Transit,Air,DP-25,STF-032,Biometric,1,0,,negative_qty
3707,DIST-003707,3510,7,8,623,Cash Transfer,-25,100,2500,2023-09-15,2023-09-19,4,In Transit,Handcarry,DP-10,STF-159,List-based,1,0,,negative_qty
5599,DIST-005599,2804,12,3,623,NFI Kit,-13,85,1105,2023-09-15,2023-09-20,5,In Transit,Boat,DP-23,STF-098,Voucher,1,0,,negative_qty
5477,DIST-005477,2673,4,9,711,Cash Transfer,38,100,3800,2023-12-12,2023-12-20,8,,Truck,DP-36,STF-198,Biometric,0,0,,null_status
102,DIST-000102,3588,11,9,876,NFI Kit,-37,85,3145,2024-05-25,2024-05-27,2,In Transit,Truck,DP-20,STF-044,Token,1,0,,negative_qty
3395,DIST-003395,2305,12,9,428,Shelter Kit,-4,250,1000,2023-03-04,2023-03-13,9,Completed,Truck,DP-07,STF-014,Voucher,1,0,,negative_qty
9795,DIST-000001,4614,9,1,448,Shelter Kit,7,250,1750,2023-03-24,2023-04-11,18,Delayed,Handcarry,DP-06,STF-050,List-based,0,0,,duplicate
5470,DIST-005470,1939,11,2,964,Winterization Kit,50,75,3750,2024-08-21,2027-01-15,13,Delayed,Truck,DP-04,STF-180,Token,1,0,,future_date
3915,DIST-003915,,4,2,665,WASH Kit,23,60,1380,2023-10-27,2023-11-02,6,Delayed,Boat,DP-16,STF-184,List-based,1,0,,missing_ben
6126,DIST-000001,4498,2,8,1055,Education Kit,14,35,490,2024-11-20,2024-11-27,7,In Transit,Handcarry,DP-16,STF-039,Token,1,0,,duplicate
9049,DIST-000001,2514,4,1,376,Shelter Kit,16,250,4000,2023-01-11,2023-01-30,19,Delayed,Air,DP-43,STF-137,List-based,1,0,,duplicate
6989,DIST-000001,3563,11,7,497,Shelter Kit,37,250,9250,2023-05-12,2023-05-15,3,Partial,Air,DP-14,STF-021,Voucher,1,0,,duplicate
8743,DIST-000001,1176,8,9,642,Cash Transfer,26,100,2600,2023-10-04,2023-10-11,7,Completed,Handcarry,DP-28,STF-146,Voucher,0,0,,duplicate
7290,DIST-007290,2469,3,1,45,WASH Kit,-39,60,2340,2022-02-14,2022-02-19,5,Completed,Truck,DP-30,STF-164,Token,1,0,,negative_qty
5434,DIST-005434,4384,8,6,815,NFI Kit,50,85,4250,2024-03-25,2027-01-15,10,Delayed,Handcarry,DP-33,STF-133,Voucher,1,0,,future_date
8846,DIST-000001,2791,11,7,543,Food Ration,46,45,2070,2023-06-27,2023-06-29,2,Completed,Truck,DP-50,STF-124,List-based,1,0,,duplicate
6611,DIST-006611,886,9,7,122,Education Kit,5,35,175,2022-05-02,2022-05-10,8,,Air,DP-32,STF-171,Biometric,0,0,,null_status
2761,DIST-002761,,10,7,747,NFI Kit,45,85,3825,2024-01-17,2024-01-25,8,Completed,Boat,DP-05,STF-136,List-based,0,0,,missing_ben
8696,DIST-008696,3340,11,4,388,Food Ration,4,45,180,2023-01-23,2023-01-25,2,,Air,DP-48,STF-139,Voucher,1,0,,null_status
5309,DIST-005309,246,12,1,50,NFI Kit,16,85,1360,2022-02-19,2022-03-01,10,,Boat,DP-30,STF-138,Biometric,1,0,,null_status
7090,DIST-007090,4424,7,6,693,Food Ration,33,45,1485,2023-11-24,2023-11-28,4,,Truck,DP-12,STF-044,Voucher,1,0,,null_status
76,DIST-000076,622,12,5,1062,NFI Kit,6,85,510,2024-11-27,2027-01-15,4,Completed,Handcarry,DP-03,STF-090,Voucher,0,0,,future_date
7120,DIST-007120,,15,5,983,NFI Kit,30,85,2550,2024-09-09,2024-09-24,15,Delayed,Air,DP-02,STF-120,Token,1,1,,missing_ben
664,DIST-000664,,15,3,419,Food Ration,27,45,1215,2023-02-23,2023-02-25,2,Completed,Truck,DP-27,STF-167,Token,0,0,,missing_ben
4786,DIST-004786,895,9,5,1077,Medical Supplies,42,120,5040,2024-12-12,2024-12-13,1,,Truck,DP-23,STF-160,Biometric,1,0,,null_status
4294,DIST-004294,3918,10,2,956,Medical Supplies,29,120,3480,2024-08-13,2024-08-23,10,,Boat,DP-16,STF-129,Biometric,1,1,,null_status
8731,DIST-000001,306,3,9,50,Education Kit,46,35,1610,2022-02-19,2022-02-23,4,Partial,Truck,DP-02,STF-030,List-based,0,0,,duplicate
307,DIST-000307,4056,2,9,1030,Shelter Kit,7,250,1750,2024-10-26,2027-01-15,5,Completed,Handcarry,DP-27,STF-167,Voucher,0,0,,future_date
3556,DIST-003556,4595,7,8,154,Food Ration,-29,45,1305,2022-06-03,2022-06-08,5,Completed,Handcarry,DP-41,STF-194,Voucher,1,0,,negative_qty
716,DIST-000001,1548,14,4,57,Education Kit,27,35,945,2022-02-26,2022-03-07,9,Completed,Boat,DP-39,STF-074,Voucher,0,0,,duplicate
4864,DIST-000001,791,5,2,983,Medical Supplies,42,120,5040,2024-09-09,2024-09-17,8,In Transit,Boat,DP-11,STF-175,Token,1,0,,duplicate
9457,DIST-009457,3080,10,2,64,Medical Supplies,18,120,2160,2022-03-05,2027-01-15,11,Delayed,Air,DP-29,STF-123,Token,1,0,,future_date
2092,DIST-002092,3489,3,1,873,Education Kit,22,35,770,2024-05-22,2024-05-25,3,,Boat,DP-46,STF-153,Token,1,0,,null_status
5614,DIST-005614,4703,9,8,424,Shelter Kit,48,250,12000,2023-02-28,2027-01-15,17,Delayed,Air,DP-36,STF-166,List-based,1,0,,future_date
1261,DIST-000001,4962,10,4,496,Cash Transfer,37,100,3700,2023-05-11,2023-05-17,6,Completed,Boat,DP-18,STF-081,List-based,1,0,,duplicate
5774,DIST-005774,,12,9,676,Winterization Kit,5,75,375,2023-11-07,2023-11-11,4,Completed,Boat,DP-10,STF-130,Voucher,1,0,,missing_ben
7937,DIST-007937,1160,13,3,491,Food Ration,-13,45,585,2023-05-06,2023-05-21,15,Delayed,Truck,DP-13,STF-053,Biometric,1,0,,negative_qty
904,DIST-000904,,14,5,118,Food Ration,48,45,2160,2022-04-28,2022-05-07,9,Completed,Air,DP-48,STF-109,Token,1,0,,missing_ben
2041,DIST-002041,1264,15,3,735,NFI Kit,-20,85,1700,2024-01-05,2024-01-09,4,Completed,Air,DP-10,STF-058,Token,1,1,,negative_qty
1631,DIST-001631,,9,5,525,NFI Kit,2,85,170,2023-06-09,2023-06-09,0,Partial,Truck,DP-07,STF-191,List-based,1,0,,missing_ben
1922,DIST-001922,,11,1,248,Cash Transfer,23,100,2300,2022-09-05,2022-09-08,3,In Transit,Boat,DP-44,STF-135,List-based,1,0,,missing_ben
4609,DIST-004609,1105,3,1,476,Medical Supplies,32,120,3840,2023-04-21,2027-01-15,14,Delayed,Boat,DP-34,STF-115,Token,0,0,,future_date
6359,DIST-000001,4908,13,10,64,Education Kit,46,35,1610,2022-03-05,2022-03-11,6,In Transit,Boat,DP-20,STF-156,Token,1,0,,duplicate
3925,DIST-003925,,7,8,234,NFI Kit,23,85,1955,2022-08-22,2022-09-09,18,Delayed,Handcarry,DP-15,STF-079,Token,1,0,,missing_ben
5259,DIST-005259,2573,1,1,542,Shelter Kit,13,250,3250,2023-06-26,2023-06-28,2,,Handcarry,DP-45,STF-158,Voucher,0,0,,null_status
4196,DIST-004196,2156,15,6,276,Medical Supplies,-10,120,1200,2022-10-03,2022-10-08,5,Completed,Truck,DP-49,STF-157,Voucher,0,0,,negative_qty
7750,DIST-007750,,3,10,947,Shelter Kit,11,250,2750,2024-08-04,2024-08-04,0,Completed,Air,DP-09,STF-094,List-based,1,0,,missing_ben
4646,DIST-004646,1982,8,1,571,Medical Supplies,-44,120,5280,2023-07-25,2023-07-28,3,Completed,Truck,DP-21,STF-038,Voucher,1,0,,negative_qty
6271,DIST-006271,279,9,2,313,WASH Kit,27,60,1620,2022-11-09,2022-11-15,6,,Handcarry,DP-16,STF-002,Biometric,0,0,,null_status
4259,DIST-004259,1452,1,7,254,Food Ration,-16,45,720,2022-09-11,2022-09-15,4,Partial,Handcarry,DP-03,STF-010,Token,0,0,,negative_qty
9805,DIST-009805,2152,2,6,652,Winterization Kit,14,75,1050,2023-10-14,2023-10-16,2,,Air,DP-10,STF-118,Biometric,1,0,,null_status
3823,DIST-003823,3810,6,3,131,Food Ration,-44,45,1980,2022-05-11,2022-05-19,8,Partial,Air,DP-41,STF-062,Biometric,0,1,,negative_qty
787,DIST-000001,2730,6,6,286,Winterization Kit,20,75,1500,2022-10-13,2022-10-14,1,Failed,Boat,DP-47,STF-089,Biometric,1,0,,duplicate
8380,DIST-008380,,5,4,690,Education Kit,34,35,1190,2023-11-21,2023-11-27,6,Completed,Boat,DP-16,STF-137,Biometric,1,0,,missing_ben
4778,DIST-000001,2964,8,2,197,Education Kit,29,35,1015,2022-07-16,2022-07-17,1,Completed,Handcarry,DP-16,STF-090,Voucher,0,0,,duplicate
6776,DIST-006776,4931,13,2,215,Shelter Kit,50,250,12500,2022-08-03,2027-01-15,13,Delayed,Air,DP-25,STF-189,Token,1,0,,future_date
7025,DIST-007025,4437,13,4,1,Food Ration,30,45,1350,2022-01-01,2027-01-15,18,Delayed,Truck,DP-11,STF-074,Token,1,0,,future_date
2361,DIST-002361,,6,8,578,Winterization Kit,16,75,1200,2023-08-01,2023-08-09,8,Completed,Handcarry,DP-34,STF-165,List-based,0,0,,missing_ben
5025,DIST-000001,2577,2,8,265,Food Ration,14,45,630,2022-09-22,2022-09-27,5,Delayed,Truck,DP-14,STF-138,List-based,1,0,,duplicate
3542,DIST-000001,2441,2,4,1060,Cash Transfer,24,100,2400,2024-11-25,2024-12-04,9,Completed,Truck,DP-40,STF-036,Biometric,1,0,,duplicate
6800,DIST-006800,3619,13,1,829,Cash Transfer,19,100,1900,2024-04-08,2024-04-18,10,,Air,DP-01,STF-050,Token,1,1,,null_status
6643,DIST-006643,3712,1,7,1088,Medical Supplies,43,120,5160,2024-12-23,2027-01-15,4,Completed,Boat,DP-49,STF-020,List-based,1,0,,future_date
8139,DIST-008139,2450,11,9,528,Shelter Kit,36,250,9000,2023-06-12,2023-06-22,10,,Air,DP-25,STF-199,List-based,1,0,,null_status
4922,DIST-004922,,15,7,572,Winterization Kit,36,75,2700,2023-07-26,2023-08-04,9,Delayed,Handcarry,DP-43,STF-174,Token,1,0,,missing_ben
666,DIST-000001,1448,11,1,1047,Education Kit,20,35,700,2024-11-12,2024-11-22,10,Partial,Air,DP-50,STF-144,Biometric,1,0,,duplicate
9169,DIST-009169,886,1,5,821,Cash Transfer,-33,100,3300,2024-03-31,2024-04-03,3,Partial,Boat,DP-37,STF-141,Token,1,0,,negative_qty
9561,DIST-009561,1915,8,2,349,Cash Transfer,21,100,2100,2022-12-15,2022-12-18,3,,Boat,DP-45,STF-097,Voucher,1,0,,null_status
656,DIST-000656,4682,1,6,142,Medical Supplies,8,120,960,2022-05-22,2022-05-22,0,,Boat,DP-43,STF-077,Token,1,1,,null_status
2513,DIST-002513,4382,12,1,469,NFI Kit,7,85,595,2023-04-14,2023-04-23,9,,Truck,DP-44,STF-011,Token,0,0,,null_status
453,DIST-000453,4398,8,4,358,Medical Supplies,47,120,5640,2022-12-24,2023-01-10,17,,Boat,DP-27,STF-007,Token,1,0,,null_status
5279,DIST-005279,4751,4,3,778,Shelter Kit,45,250,11250,2024-02-17,2027-01-15,7,Completed,Air,DP-25,STF-150,List-based,1,0,,future_date
4870,DIST-004870,,5,4,808,Winterization Kit,36,75,2700,2024-03-18,2024-03-19,1,Completed,Air,DP-33,STF-025,Token,1,0,,missing_ben
9447,DIST-009447,1889,3,5,899,Cash Transfer,36,100,3600,2024-06-17,2024-06-19,2,,Truck,DP-34,STF-185,Biometric,1,0,,null_status
3958,DIST-003958,72,7,5,924,Winterization Kit,33,75,2475,2024-07-12,2027-01-15,9,Completed,Air,DP-26,STF-103,Token,1,0,,future_date
7135,DIST-007135,2770,13,9,569,Winterization Kit,27,75,2025,2023-07-23,2023-07-27,4,,Air,DP-35,STF-084,Token,1,0,,null_status
4393,DIST-000001,4911,1,1,350,Food Ration,5,45,225,2022-12-16,2022-12-20,4,Completed,Handcarry,DP-25,STF-182,Biometric,0,0,,duplicate
7343,DIST-007343,3695,2,4,894,Shelter Kit,11,250,2750,2024-06-12,2027-01-15,2,Completed,Truck,DP-42,STF-165,Voucher,1,0,,future_date
1070,DIST-001070,3744,13,7,44,Cash Transfer,15,100,1500,2022-02-13,2027-01-15,10,Completed,Air,DP-29,STF-181,Biometric,1,0,,future_date
3832,DIST-000001,4208,9,8,594,Education Kit,44,35,1540,2023-08-17,2023-08-23,6,Completed,Boat,DP-35,STF-022,List-based,0,0,,duplicate
7439,DIST-000001,4687,3,6,655,Food Ration,25,45,1125,2023-10-17,2023-10-23,6,Completed,Boat,DP-12,STF-106,Token,0,0,,duplicate
3819,DIST-000001,121,4,10,443,NFI Kit,39,85,3315,2023-03-19,2023-03-24,5,Partial,Truck,DP-20,STF-111,Voucher,1,0,,duplicate
3231,DIST-003231,3702,9,8,490,Medical Supplies,8,120,960,2023-05-05,2023-05-12,7,,Handcarry,DP-35,STF-018,Biometric,1,0,,null_status
7352,DIST-007352,1446,6,10,662,Cash Transfer,10,100,1000,2023-10-24,2023-10-25,1,,Air,DP-27,STF-122,List-based,1,0,,null_status
2792,DIST-002792,3661,9,5,319,Shelter Kit,16,250,4000,2022-11-15,2027-01-15,5,Completed,Air,DP-06,STF-104,Token,1,0,,future_date
4355,DIST-000001,2581,4,8,15,Food Ration,43,45,1935,2022-01-15,2022-01-22,7,Partial,Air,DP-32,STF-150,Biometric,1,0,,duplicate
8298,DIST-000001,2280,8,1,846,Winterization Kit,25,75,1875,2024-04-25,2024-05-03,8,Delayed,Air,DP-22,STF-160,Voucher,1,0,,duplicate
8407,DIST-000001,2038,3,9,607,NFI Kit,13,85,1105,2023-08-30,2023-08-30,0,In Transit,Air,DP-10,STF-069,Voucher,1,0,,duplicate
3962,DIST-003962,,14,9,636,Food Ration,48,45,2160,2023-09-28,2023-10-07,9,Failed,Air,DP-10,STF-039,Voucher,1,0,,missing_ben
9866,DIST-009866,1535,15,3,1035,Shelter Kit,11,250,2750,2024-10-31,2027-01-15,7,Completed,Boat,DP-47,STF-034,Biometric,1,0,,future_date
4961,DIST-004961,327,6,8,702,Cash Transfer,31,100,3100,2023-12-03,2027-01-15,1,Completed,Handcarry,DP-05,STF-075,Biometric,1,0,,future_date
4850,DIST-004850,631,13,1,267,Winterization Kit,2,75,150,2022-09-24,2027-01-15,6,Completed,Truck,DP-46,STF-031,Token,1,0,,future_date
8614,DIST-008614,,9,1,1014,Shelter Kit,14,250,3500,2024-10-10,2024-10-29,19,Delayed,Truck,DP-14,STF-072,Voucher,1,1,,missing_ben
2019,DIST-000001,2758,12,4,512,Cash Transfer,50,100,5000,2023-05-27,2023-05-29,2,Completed,Handcarry,DP-17,STF-120,Token,1,0,,duplicate
6884,DIST-006884,4487,2,7,61,Winterization Kit,-37,75,2775,2022-03-02,2022-03-08,6,In Transit,Handcarry,DP-49,STF-193,List-based,1,0,,negative_qty
1914,DIST-000001,3178,3,3,124,WASH Kit,28,60,1680,2022-05-04,2022-05-06,2,Partial,Truck,DP-40,STF-070,List-based,0,0,,duplicate
7727,DIST-000001,204,11,10,298,Food Ration,19,45,855,2022-10-25,2022-11-04,10,Completed,Air,DP-40,STF-014,Biometric,0,0,,duplicate
1840,DIST-000001,1588,3,10,557,Medical Supplies,6,120,720,2023-07-11,2023-07-17,6,Completed,Truck,DP-13,STF-111,Voucher,1,0,,duplicate
1421,DIST-001421,,7,4,955,Winterization Kit,22,75,1650,2024-08-12,2024-08-17,5,Completed,Handcarry,DP-40,STF-077,Voucher,1,0,,missing_ben
2352,DIST-002352,3043,4,1,219,Winterization Kit,-22,75,1650,2022-08-07,2022-08-11,4,In Transit,Truck,DP-02,STF-003,Voucher,1,0,,negative_qty
119,DIST-000119,781,4,3,882,WASH Kit,-24,60,1440,2024-05-31,2024-06-03,3,Completed,Handcarry,DP-21,STF-052,Biometric,0,1,,negative_qty
9754,DIST-000001,2690,11,7,1093,Shelter Kit,16,250,4000,2024-12-28,2025-01-07,10,Completed,Handcarry,DP-36,STF-163,Voucher,1,0,,duplicate
9784,DIST-009784,,12,4,571,Education Kit,42,35,1470,2023-07-25,2023-08-05,11,Delayed,Air,DP-32,STF-183,Biometric,1,0,,missing_ben
5561,DIST-005561,2379,1,3,943,Shelter Kit,12,250,3000,2024-07-31,2024-08-01,1,,Truck,DP-28,STF-110,Token,1,0,,null_status
6765,DIST-000001,3414,9,7,835,Medical Supplies,10,120,1200,2024-04-14,2024-04-24,10,Completed,Boat,DP-23,STF-196,Token,1,0,,duplicate
818,DIST-000818,609,12,6,241,Food Ration,-2,45,90,2022-08-29,2022-09-05,7,Delayed,Air,DP-40,STF-151,Voucher,1,0,,negative_qty
3316,DIST-003316,1004,4,2,266,Food Ration,40,45,1800,2022-09-23,2022-09-30,7,,Truck,DP-12,STF-181,List-based,0,1,,null_status
8870,DIST-008870,4112,4,1,234,Cash Transfer,-27,100,2700,2022-08-22,2022-08-30,8,Completed,Boat,DP-23,STF-098,List-based,1,0,,negative_qty
921,DIST-000921,4200,11,5,261,WASH Kit,38,60,2280,2022-09-18,2022-09-24,6,,Handcarry,DP-33,STF-086,Token,0,0,,null_status
2900,DIST-002900,,11,5,390,WASH Kit,36,60,2160,2023-01-25,2023-02-01,7,Completed,Air,DP-47,STF-186,Token,0,0,,missing_ben
2273,DIST-002273,,3,6,170,Education Kit,35,35,1225,2022-06-19,2022-06-25,6,Completed,Boat,DP-13,STF-050,Biometric,1,0,,missing_ben
3897,DIST-003897,4879,10,8,260,Cash Transfer,22,100,2200,2022-09-17,2022-09-21,4,,Air,DP-02,STF-155,Biometric,0,0,,null_status
1104,DIST-001104,2239,10,5,155,WASH Kit,-40,60,2400,2022-06-04,2022-06-13,9,Completed,Handcarry,DP-06,STF-068,Biometric,0,0,,negative_qty
1767,DIST-000001,1192,15,6,290,Education Kit,44,35,1540,2022-10-17,2022-10-26,9,Completed,Truck,DP-48,STF-050,List-based,1,0,,duplicate
2438,DIST-002438,1402,7,3,1016,Food Ration,12,45,540,2024-10-12,2024-10-16,4,,Boat,DP-09,STF-063,Voucher,1,1,,null_status
7313,DIST-007313,4396,2,9,288,Cash Transfer,41,100,4100,2022-10-15,2027-01-15,2,In Transit,Boat,DP-09,STF-172,Voucher,0,0,,future_date
6033,DIST-006033,,8,3,1013,Food Ration,35,45,1575,2024-10-09,2024-10-16,7,Failed,Handcarry,DP-47,STF-128,Token,0,0,,missing_ben
4007,DIST-000001,1703,8,1,439,Food Ration,39,45,1755,2023-03-15,2023-03-23,8,Completed,Truck,DP-44,STF-125,Biometric,1,0,,duplicate
960,DIST-000960,2846,1,2,516,NFI Kit,5,85,425,2023-05-31,2023-06-03,3,,Truck,DP-04,STF-018,Token,1,0,,null_status
6063,DIST-006063,,3,9,263,Food Ration,10,45,450,2022-09-20,2022-09-25,5,Completed,Handcarry,DP-14,STF-041,Token,1,0,,missing_ben
1092,DIST-001092,2111,7,2,395,WASH Kit,5,60,300,2023-01-30,2027-01-15,10,Delayed,Truck,DP-15,STF-039,Biometric,1,0,,future_date
1615,DIST-001615,1085,13,7,348,Winterization Kit,36,75,2700,2022-12-14,2027-01-15,10,Completed,Handcarry,DP-11,STF-189,List-based,1,0,,future_date
8885,DIST-000001,4663,3,6,542,Medical Supplies,26,120,3120,2023-06-26,2023-07-04,8,Completed,Air,DP-14,STF-197,Token,0,0,,duplicate
1901,DIST-000001,143,8,4,48,NFI Kit,31,85,2635,2022-02-17,2022-03-04,15,Delayed,Handcarry,DP-38,STF-066,Voucher,1,0,,duplicate
2872,DIST-002872,,8,1,557,Winterization Kit,40,75,3000,2023-07-11,2023-07-23,12,Delayed,Truck,DP-17,STF-151,Token,1,0,,missing_ben
2841,DIST-002841,4040,7,1,1027,Winterization Kit,-42,75,3150,2024-10-23,2024-10-27,4,Completed,Truck,DP-15,STF-029,Biometric,1,0,,negative_qty
9609,DIST-009609,1626,8,3,570,Food Ration,-27,45,1215,2023-07-24,2023-08-07,14,Delayed,Handcarry,DP-34,STF-194,List-based,1,0,,negative_qty
9124,DIST-009124,3149,1,6,458,NFI Kit,-9,85,765,2023-04-03,2023-04-20,17,Delayed,Air,DP-06,STF-158,Token,1,0,,negative_qty
985,DIST-000985,,3,3,865,WASH Kit,32,60,1920,2024-05-14,2024-05-15,1,Completed,Truck,DP-16,STF-039,Voucher,1,0,,missing_ben
1360,DIST-001360,,5,5,892,Shelter Kit,38,250,9500,2024-06-10,2024-06-10,0,Completed,Truck,DP-48,STF-095,Biometric,1,1,,missing_ben
2624,DIST-002624,1459,4,7,259,Winterization Kit,-48,75,3600,2022-09-16,2022-09-28,12,Delayed,Air,DP-41,STF-052,Token,1,0,,negative_qty
7908,DIST-007908,4173,2,2,462,Winterization Kit,37,75,2775,2023-04-07,2027-01-15,5,Delayed,Handcarry,DP-30,STF-067,List-based,0,0,,future_date
4890,DIST-004890,,7,1,353,Shelter Kit,16,250,4000,2022-12-19,2022-12-29,10,In Transit,Boat,DP-27,STF-147,List-based,1,1,,missing_ben
5918,DIST-005918,,5,8,491,Shelter Kit,7,250,1750,2023-05-06,2023-05-12,6,Completed,Air,DP-10,STF-126,Token,1,0,,missing_ben
4229,DIST-004229,2573,10,9,940,Shelter Kit,5,250,1250,2024-07-28,2024-08-07,10,,Truck,DP-11,STF-197,Biometric,1,0,,null_status
1008,DIST-001008,1332,13,8,404,Cash Transfer,-37,100,3700,2023-02-08,2023-02-12,4,Completed,Truck,DP-36,STF-005,List-based,1,0,,negative_qty
1389,DIST-000001,635,15,9,123,Education Kit,49,35,1715,2022-05-03,2022-05-08,5,Partial,Air,DP-45,STF-088,List-based,1,0,,duplicate
6230,DIST-006230,3666,10,10,627,Food Ration,-9,45,405,2023-09-19,2023-09-27,8,Completed,Handcarry,DP-45,STF-090,Voucher,0,0,,negative_qty
4520,DIST-000001,3379,12,8,6,Winterization Kit,10,75,750,2022-01-06,2022-01-06,0,Completed,Truck,DP-30,STF-050,Voucher,0,0,,duplicate
8736,DIST-008736,4882,14,4,634,Shelter Kit,28,250,7000,2023-09-26,2027-01-15,9,Delayed,Truck,DP-40,STF-074,Voucher,1,0,,future_date
8532,DIST-008532,,12,5,1084,Winterization Kit,11,75,825,2024-12-19,2025-01-06,18,Delayed,Handcarry,DP-08,STF-015,List-based,1,0,,missing_ben
6048,DIST-006048,,1,8,499,NFI Kit,5,85,425,2023-05-14,2023-05-21,7,Partial,Truck,DP-39,STF-143,Token,1,0,,missing_ben
3881,DIST-003881,2825,1,3,249,Cash Transfer,34,100,3400,2022-09-06,2027-01-15,2,Completed,Air,DP-31,STF-155,Biometric,1,0,,future_date
5636,DIST-000001,3194,10,7,173,Winterization Kit,4,75,300,2022-06-22,2022-07-01,9,Completed,Truck,DP-28,STF-182,Voucher,0,1,,duplicate
3188,DIST-000001,4251,12,8,711,Cash Transfer,19,100,1900,2023-12-12,2023-12-20,8,In Transit,Truck,DP-36,STF-016,Voucher,1,0,,duplicate
2433,DIST-002433,4577,14,8,1068,Shelter Kit,20,250,5000,2024-12-03,2027-01-15,5,Completed,Truck,DP-24,STF-103,Voucher,0,1,,future_date
423,DIST-000423,998,14,4,31,Education Kit,-33,35,1155,2022-01-31,2022-02-06,6,Failed,Boat,DP-38,STF-047,Token,1,1,,negative_qty
8459,DIST-008459,2106,6,4,1034,Winterization Kit,19,75,1425,2024-10-30,2024-11-12,13,,Air,DP-18,STF-064,Token,1,0,,null_status
6058,DIST-000001,1915,11,5,373,Medical Supplies,35,120,4200,2023-01-08,2023-01-23,15,Delayed,Air,DP-47,STF-153,List-based,0,0,,duplicate
8486,DIST-008486,3675,15,1,725,WASH Kit,-43,60,2580,2023-12-26,2023-12-27,1,Completed,Air,DP-13,STF-169,List-based,1,0,,negative_qty
5972,DIST-000001,2732,15,1,836,Food Ration,9,45,405,2024-04-15,2024-04-28,13,Delayed,Handcarry,DP-40,STF-054,Voucher,0,0,,duplicate
8104,DIST-008104,,10,8,696,Education Kit,23,35,805,2023-11-27,2023-12-01,4,Partial,Handcarry,DP-18,STF-089,Biometric,1,1,,missing_ben
6756,DIST-006756,1935,8,1,808,Cash Transfer,2,100,200,2024-03-18,2027-01-15,1,Completed,Truck,DP-40,STF-067,Token,1,0,,future_date
1196,DIST-001196,3730,11,9,315,Food Ration,2,45,90,2022-11-11,2027-01-15,18,Delayed,Truck,DP-07,STF-007,Token,1,0,,future_date
1975,DIST-001975,,12,4,298,NFI Kit,50,85,4250,2022-10-25,2022-11-04,10,Completed,Truck,DP-01,STF-121,Voucher,1,0,,missing_ben
3007,DIST-003007,1647,4,6,486,Education Kit,-34,35,1190,2023-05-01,2023-05-04,3,Partial,Truck,DP-42,STF-035,List-based,1,0,,negative_qty
4678,DIST-000001,576,2,6,848,Medical Supplies,50,120,6000,2024-04-27,2024-05-02,5,Failed,Boat,DP-26,STF-126,List-based,0,0,,duplicate
1769,DIST-001769,3214,1,8,1094,Education Kit,7,35,245,2024-12-29,2027-01-15,4,In Transit,Boat,DP-46,STF-133,Biometric,0,0,,future_date
8616,DIST-008616,,3,5,208,Cash Transfer,24,100,2400,2022-07-27,2022-07-31,4,In Transit,Truck,DP-19,STF-077,Token,0,0,,missing_ben
388,DIST-000388,3629,1,4,292,Shelter Kit,19,250,4750,2022-10-19,2027-01-15,19,Delayed,Truck,DP-37,STF-160,Biometric,0,0,,future_date
7504,DIST-007504,3331,13,10,986,Winterization Kit,8,75,600,2024-09-12,2027-01-15,8,Completed,Truck,DP-26,STF-027,Biometric,1,0,,future_date
2787,DIST-002787,,7,5,1096,Education Kit,18,35,630,2024-12-31,2025-01-17,17,Delayed,Boat,DP-37,STF-198,Voucher,1,0,,missing_ben
81,DIST-000081,2728,9,10,901,Medical Supplies,-47,120,5640,2024-06-19,2024-06-28,9,Completed,Handcarry,DP-50,STF-087,Voucher,1,0,,negative_qty
7839,DIST-007839,381,9,2,112,Cash Transfer,36,100,3600,2022-04-22,2022-05-01,9,,Air,DP-22,STF-012,Token,1,0,,null_status
5618,DIST-005618,4681,12,10,397,Shelter Kit,-50,250,12500,2023-02-01,2023-02-02,1,Completed,Boat,DP-06,STF-022,List-based,1,0,,negative_qty
8289,DIST-008289,3021,2,1,792,NFI Kit,-17,85,1445,2024-03-02,2024-03-06,4,Completed,Air,DP-23,STF-162,Voucher,1,0,,negative_qty
2551,DIST-002551,4484,6,1,613,WASH Kit,-17,60,1020,2023-09-05,2023-09-11,6,Delayed,Air,DP-19,STF-190,Token,0,0,,negative_qty
9374,DIST-000001,2351,4,6,534,Food Ration,13,45,585,2023-06-18,2023-06-23,5,Delayed,Boat,DP-43,STF-029,Token,1,0,,duplicate
6520,DIST-006520,1980,8,1,174,Shelter Kit,16,250,4000,2022-06-23,2022-06-26,3,,Handcarry,DP-47,STF-131,List-based,1,0,,null_status
6304,DIST-006304,4037,11,1,1042,Shelter Kit,31,250,7750,2024-11-07,2024-11-11,4,,Handcarry,DP-42,STF-101,Token,0,0,,null_status
8132,DIST-008132,2521,4,4,176,Education Kit,33,35,1155,2022-06-25,2022-06-30,5,,Handcarry,DP-37,STF-065,List-based,1,0,,null_status
7345,DIST-007345,273,10,2,356,Education Kit,28,35,980,2022-12-22,2022-12-31,9,,Truck,DP-43,STF-004,Voucher,0,0,,null_status
8255,DIST-008255,3112,9,8,231,Winterization Kit,-2,75,150,2022-08-19,2022-08-19,0,Partial,Handcarry,DP-12,STF-113,Voucher,0,0,,negative_qty
8045,DIST-008045,3097,9,2,1027,Cash Transfer,-31,100,3100,2024-10-23,2024-10-30,7,Failed,Boat,DP-09,STF-044,Biometric,1,0,,negative_qty
2390,DIST-002390,,6,3,169,Cash Transfer,29,100,2900,2022-06-18,2022-06-25,7,Completed,Boat,DP-28,STF-100,Voucher,1,0,,missing_ben
4741,DIST-004741,3789,12,5,1051,NFI Kit,1,85,85,2024-11-16,2024-11-16,0,,Boat,DP-43,STF-043,List-based,1,0,,null_status
8887,DIST-008887,2250,6,10,861,Winterization Kit,-10,75,750,2024-05-10,2024-05-10,0,Completed,Truck,DP-31,STF-044,Token,1,0,,negative_qty
5298,DIST-005298,2583,13,5,653,Food Ration,21,45,945,2023-10-15,2023-10-23,8,,Truck,DP-23,STF-113,List-based,1,0,,null_status
5916,DIST-005916,3840,2,1,1017,Shelter Kit,30,250,7500,2024-10-13,2027-01-15,8,Delayed,Air,DP-29,STF-124,Token,0,0,,future_date
4984,DIST-004984,627,15,4,942,NFI Kit,33,85,2805,2024-07-30,2024-08-01,2,,Handcarry,DP-06,STF-199,Token,1,0,,null_status
7251,DIST-007251,2430,1,6,883,Medical Supplies,-45,120,5400,2024-06-01,2024-06-08,7,Partial,Truck,DP-43,STF-079,List-based,1,0,,negative_qty
3129,DIST-000001,1092,7,7,834,Education Kit,3,35,105,2024-04-13,2024-04-22,9,Completed,Boat,DP-45,STF-085,Voucher,0,0,,duplicate
3719,DIST-003719,1830,4,1,1077,Winterization Kit,7,75,525,2024-12-12,2024-12-20,8,,Boat,DP-45,STF-092,List-based,1,1,,null_status
5859,DIST-005859,1557,9,5,163,Shelter Kit,17,250,4250,2022-06-12,2027-01-15,9,Partial,Boat,DP-50,STF-192,Voucher,1,0,,future_date
891,DIST-000891,3296,7,4,121,WASH Kit,14,60,840,2022-05-01,2022-05-03,2,,Handcarry,DP-47,STF-053,Token,1,0,,null_status
5631,DIST-005631,,8,2,931,Winterization Kit,44,75,3300,2024-07-19,2024-07-22,3,Completed,Truck,DP-18,STF-167,Token,0,1,,missing_ben
2806,DIST-002806,358,13,7,813,WASH Kit,13,60,780,2024-03-23,2027-01-15,9,Completed,Boat,DP-17,STF-082,Voucher,1,0,,future_date
181,DIST-000181,3251,11,5,897,Winterization Kit,-21,75,1575,2024-06-15,2024-06-22,7,Partial,Air,DP-11,STF-180,List-based,1,0,,negative_qty
9093,DIST-009093,1958,11,8,926,Cash Transfer,-29,100,2900,2024-07-14,2024-07-22,8,In Transit,Boat,DP-41,STF-156,Token,0,1,,negative_qty
9521,DIST-009521,1184,5,5,97,Cash Transfer,18,100,1800,2022-04-07,2027-01-15,9,Partial,Truck,DP-16,STF-090,Token,0,0,,future_date
7959,DIST-000001,3238,11,10,107,NFI Kit,22,85,1870,2022-04-17,2022-04-18,1,Completed,Truck,DP-43,STF-007,List-based,1,1,,duplicate
1532,DIST-001532,,9,9,391,NFI Kit,16,85,1360,2023-01-26,2023-02-07,12,Delayed,Truck,DP-37,STF-031,Token,1,0,,missing_ben
6248,DIST-000001,4581,9,6,904,Winterization Kit,21,75,1575,2024-06-22,2024-06-25,3,Partial,Boat,DP-25,STF-176,Token,0,0,,duplicate
7193,DIST-007193,30,15,5,772,NFI Kit,-12,85,1020,2024-02-11,2024-02-27,16,Delayed,Air,DP-49,STF-116,Voucher,1,0,,negative_qty
6832,DIST-006832,,13,5,107,Cash Transfer,15,100,1500,2022-04-17,2022-04-24,7,Delayed,Handcarry,DP-12,STF-049,Biometric,1,0,,missing_ben
7474,DIST-000001,2768,3,3,648,Education Kit,43,35,1505,2023-10-10,2023-10-12,2,Completed,Boat,DP-07,STF-006,Token,1,0,,duplicate
4669,DIST-004669,1553,15,10,41,Medical Supplies,23,120,2760,2022-02-10,2027-01-15,9,Completed,Handcarry,DP-07,STF-016,Biometric,0,0,,future_date
1731,DIST-001731,1599,3,10,348,Shelter Kit,27,250,6750,2022-12-14,2022-12-23,9,,Handcarry,DP-11,STF-094,List-based,1,0,,null_status
8100,DIST-008100,4472,8,7,928,NFI Kit,-7,85,595,2024-07-16,2024-07-26,10,Completed,Truck,DP-01,STF-199,Token,0,0,,negative_qty
2025,DIST-002025,12,3,7,353,Cash Transfer,29,100,2900,2022-12-19,2022-12-28,9,,Handcarry,DP-45,STF-001,Biometric,1,1,,null_status
8690,DIST-008690,2546,7,1,523,NFI Kit,14,85,1190,2023-06-07,2023-06-13,6,,Truck,DP-06,STF-157,Voucher,0,0,,null_status
6953,DIST-000001,3655,10,2,243,Shelter Kit,5,250,1250,2022-08-31,2022-09-04,4,Delayed,Handcarry,DP-05,STF-174,List-based,0,0,,duplicate
3551,DIST-003551,1648,15,7,98,Education Kit,-32,35,1120,2022-04-08,2022-04-17,9,Completed,Air,DP-42,STF-058,Voucher,1,0,,negative_qty
5626,DIST-000001,2105,10,1,1069,Education Kit,10,35,350,2024-12-04,2024-12-10,6,Completed,Truck,DP-45,STF-189,Voucher,1,1,,duplicate
3036,DIST-000001,4311,13,10,911,Cash Transfer,19,100,1900,2024-06-29,2024-07-04,5,Completed,Handcarry,DP-47,STF-066,Voucher,1,0,,duplicate
7437,DIST-007437,1257,10,10,364,NFI Kit,42,85,3570,2022-12-30,2023-01-02,3,,Truck,DP-05,STF-162,Token,1,0,,null_status
813,DIST-000813,2249,15,5,52,NFI Kit,11,85,935,2022-02-21,2022-02-25,4,,Handcarry,DP-36,STF-160,Token,0,0,,null_status
1565,DIST-001565,3164,8,7,586,Education Kit,18,35,630,2023-08-09,2027-01-15,6,Completed,Truck,DP-22,STF-158,Biometric,1,0,,future_date
6168,DIST-000001,1225,1,10,164,Winterization Kit,19,75,1425,2022-06-13,2022-06-22,9,Completed,Air,DP-24,STF-021,Voucher,1,0,,duplicate
1869,DIST-001869,564,8,3,960,Education Kit,-8,35,280,2024-08-17,2024-09-03,17,Delayed,Air,DP-18,STF-148,Token,1,0,,negative_qty
6482,DIST-006482,1162,13,10,205,Shelter Kit,16,250,4000,2022-07-24,2022-07-30,6,,Air,DP-21,STF-124,Biometric,1,0,,null_status
3072,DIST-003072,3108,8,5,556,Shelter Kit,1,250,250,2023-07-10,2027-01-15,0,Completed,Boat,DP-23,STF-166,List-based,1,0,,future_date
1837,DIST-001837,449,10,3,618,Winterization Kit,-33,75,2475,2023-09-10,2023-09-14,4,Failed,Truck,DP-07,STF-006,Token,0,0,,negative_qty
1630,DIST-001630,3320,13,10,522,Medical Supplies,12,120,1440,2023-06-06,2023-06-08,2,,Boat,DP-26,STF-104,Biometric,1,0,,null_status
2173,DIST-002173,2313,15,10,844,Shelter Kit,-25,250,6250,2024-04-23,2024-04-28,5,Completed,Truck,DP-30,STF-191,Voucher,0,0,,negative_qty
1129,DIST-001129,,13,4,972,Food Ration,27,45,1215,2024-08-29,2024-08-31,2,Completed,Handcarry,DP-13,STF-134,Biometric,1,0,,missing_ben
3882,DIST-003882,2226,8,9,882,NFI Kit,50,85,4250,2024-05-31,2024-06-02,2,,Truck,DP-41,STF-116,Voucher,1,0,,null_status
4737,DIST-004737,218,7,9,1083,Cash Transfer,-41,100,4100,2024-12-18,2024-12-18,0,Completed,Handcarry,DP-16,STF-120,Token,1,0,,negative_qty
659,DIST-000659,1223,4,8,745,Cash Transfer,30,100,3000,2024-01-15,2024-01-19,4,,Truck,DP-36,STF-158,List-based,0,0,,null_status
3002,DIST-003002,464,4,4,1024,Food Ration,28,45,1260,2024-10-20,2024-10-27,7,,Handcarry,DP-10,STF-163,Token,1,0,,null_status
7840,DIST-007840,,11,8,830,Education Kit,41,35,1435,2024-04-09,2024-04-11,2,Completed,Air,DP-42,STF-147,Voucher,0,1,,missing_ben
6633,DIST-006633,,3,6,767,Education Kit,40,35,1400,2024-02-06,2024-02-14,8,Completed,Handcarry,DP-42,STF-009,List-based,1,0,,missing_ben
495,DIST-000495,3503,1,6,438,Cash Transfer,41,100,4100,2023-03-14,2023-03-15,1,,Truck,DP-08,STF-172,Voucher,0,0,,null_status
3926,DIST-003926,4933,7,2,185,Winterization Kit,-11,75,825,2022-07-04,2022-07-14,10,Completed,Handcarry,DP-06,STF-131,Voucher,1,0,,negative_qty
7032,DIST-007032,1097,8,5,329,Cash Transfer,-36,100,3600,2022-11-25,2022-12-04,9,Completed,Truck,DP-49,STF-135,Biometric,1,0,,negative_qty
9355,DIST-009355,2931,8,3,185,Food Ration,27,45,1215,2022-07-04,2027-01-15,4,Completed,Truck,DP-32,STF-008,Biometric,1,0,,future_date
151,DIST-000151,3285,11,1,839,Medical Supplies,-3,120,360,2024-04-18,2024-04-25,7,Completed,Air,DP-14,STF-182,Voucher,1,0,,negative_qty
6761,DIST-006761,1649,10,2,1093,Food Ration,33,45,1485,2024-12-28,2027-01-15,7,Partial,Air,DP-38,STF-096,Token,0,0,,future_date
551,DIST-000551,4556,1,7,405,Education Kit,-36,35,1260,2023-02-09,2023-02-17,8,Completed,Handcarry,DP-08,STF-148,Voucher,1,0,,negative_qty
927,DIST-000927,4308,9,10,11,Food Ration,-38,45,1710,2022-01-11,2022-01-13,2,Partial,Truck,DP-29,STF-154,Token,1,0,,negative_qty
9137,DIST-009137,,1,1,43,WASH Kit,28,60,1680,2022-02-12,2022-02-18,6,Completed,Truck,DP-07,STF-044,Token,1,0,,missing_ben
1,DIST-000001,1211,6,1,848,Shelter Kit,49,250,12250,2024-04-27,2024-04-27,0,Completed,Truck,DP-10,STF-035,Biometric,1,1,,none
2,DIST-000002,2685,4,8,755,NFI Kit,31,85,2635,2024-01-25,2024-02-03,9,Completed,Handcarry,DP-26,STF-191,Token,1,0,,none
3,DIST-000003,1556,3,10,592,Medical Supplies,34,120,4080,2023-08-15,2023-08-25,10,Completed,Truck,DP-49,STF-193,Token,1,0,,none
4,DIST-000004,2528,13,5,945,Education Kit,2,35,70,2024-08-02,2024-08-06,4,Completed,Handcarry,DP-17,STF-148,Biometric,0,0,,none
5,DIST-000005,1657,8,9,20,Cash Transfer,9,100,900,2022-01-20,2022-01-23,3,In Transit,Truck,DP-21,STF-175,Voucher,1,0,,none
6,DIST-000006,4015,3,2,773,Shelter Kit,5,250,1250,2024-02-12,2024-02-23,11,Delayed,Handcarry,DP-23,STF-027,List-based,1,0,,none
7,DIST-000007,4328,12,7,837,NFI Kit,13,85,1105,2024-04-16,2024-05-04,18,Delayed,Air,DP-42,STF-034,Token,0,0,,none
8,DIST-000008,3385,5,10,1077,Medical Supplies,24,120,2880,2024-12-12,2024-12-17,5,Completed,Truck,DP-05,STF-037,Biometric,1,0,,none
9,DIST-000009,1568,3,6,713,WASH Kit,37,60,2220,2023-12-14,2023-12-14,0,Completed,Truck,DP-50,STF-147,Token,1,0,,none
10,DIST-000010,2376,1,6,1000,Shelter Kit,24,250,6000,2024-09-26,2024-10-03,7,Delayed,Boat,DP-21,STF-038,Biometric,1,0,,none
11,DIST-000011,3903,9,9,420,Food Ration,41,45,1845,2023-02-24,2023-02-27,3,Completed,Handcarry,DP-02,STF-074,Voucher,1,0,,none
12,DIST-000012,278,13,1,204,Shelter Kit,27,250,6750,2022-07-23,2022-08-01,9,Completed,Handcarry,DP-23,STF-037,Biometric,1,0,,none
13,DIST-000013,3536,5,9,1078,WASH Kit,20,60,1200,2024-12-13,2024-12-23,10,Completed,Boat,DP-46,STF-111,Token,1,0,,none
14,DIST-000014,2182,12,6,113,Shelter Kit,7,250,1750,2022-04-23,2022-04-23,0,Completed,Boat,DP-25,STF-128,Voucher,1,0,,none
15,DIST-000015,270,13,10,843,Winterization Kit,1,75,75,2024-04-22,2024-04-26,4,Partial,Handcarry,DP-10,STF-184,Voucher,1,0,,none
16,DIST-000016,2735,9,10,385,Cash Transfer,30,100,3000,2023-01-20,2023-01-30,10,Failed,Air,DP-04,STF-078,Token,0,0,,none
17,DIST-000017,60,9,4,628,Winterization Kit,26,75,1950,2023-09-20,2023-09-23,3,Completed,Air,DP-24,STF-088,Voucher,1,0,,none
18,DIST-000018,1919,4,9,629,NFI Kit,45,85,3825,2023-09-21,2023-09-23,2,Partial,Air,DP-22,STF-015,Token,1,0,,none
19,DIST-000019,1122,8,4,432,Medical Supplies,1,120,120,2023-03-08,2023-03-14,6,Completed,Boat,DP-28,STF-124,List-based,1,0,,none
20,DIST-000020,2677,13,10,116,Shelter Kit,6,250,1500,2022-04-26,2022-04-28,2,Completed,Truck,DP-14,STF-150,Token,1,0,,none
21,DIST-000021,2264,12,1,248,Shelter Kit,14,250,3500,2022-09-05,2022-09-10,5,Completed,Truck,DP-38,STF-139,Biometric,1,0,,none
22,DIST-000022,3350,11,10,85,Food Ration,4,45,180,2022-03-26,2022-04-14,19,Delayed,Handcarry,DP-33,STF-075,Token,1,0,,none
23,DIST-000023,2880,3,3,621,NFI Kit,30,85,2550,2023-09-13,2023-09-21,8,Completed,Boat,DP-30,STF-086,List-based,0,0,,none
24,DIST-000024,4763,5,3,601,NFI Kit,32,85,2720,2023-08-24,2023-08-24,0,Completed,Truck,DP-39,STF-054,Voucher,1,0,,none
25,DIST-000025,2558,14,8,836,Shelter Kit,9,250,2250,2024-04-15,2024-04-17,2,Partial,Truck,DP-28,STF-099,Biometric,1,0,,none
26,DIST-000026,2250,13,2,1043,Winterization Kit,5,75,375,2024-11-08,2024-11-17,9,Delayed,Truck,DP-47,STF-180,Voucher,1,0,,none
27,DIST-000027,1806,8,10,1022,Cash Transfer,12,100,1200,2024-10-18,2024-10-22,4,Completed,Air,DP-34,STF-099,Voucher,0,0,,none
28,DIST-000028,2769,2,8,470,WASH Kit,14,60,840,2023-04-15,2023-04-22,7,Completed,Air,DP-41,STF-077,Token,0,0,,none
29,DIST-000029,2624,1,7,446,WASH Kit,33,60,1980,2023-03-22,2023-03-28,6,Completed,Boat,DP-20,STF-162,Token,1,0,,none
30,DIST-000030,2006,4,1,1003,Winterization Kit,49,75,3675,2024-09-29,2024-10-04,5,Completed,Truck,DP-18,STF-172,List-based,1,1,,none
31,DIST-000031,3345,14,4,1074,Winterization Kit,27,75,2025,2024-12-09,2024-12-09,0,Completed,Handcarry,DP-21,STF-007,List-based,0,0,,none
32,DIST-000032,2981,13,6,711,Cash Transfer,3,100,300,2023-12-12,2023-12-16,4,Completed,Truck,DP-36,STF-134,Token,0,0,,none
33,DIST-000033,4324,6,9,177,Food Ration,5,45,225,2022-06-26,2022-07-04,8,Completed,Handcarry,DP-09,STF-152,Token,1,0,,none
34,DIST-000034,4154,15,7,382,Medical Supplies,42,120,5040,2023-01-17,2023-01-23,6,Completed,Air,DP-42,STF-067,Voucher,1,0,,none
35,DIST-000035,791,11,2,767,Education Kit,40,35,1400,2024-02-06,2024-02-13,7,Partial,Handcarry,DP-40,STF-003,List-based,1,0,,none
36,DIST-000036,4520,14,7,312,NFI Kit,48,85,4080,2022-11-08,2022-11-09,1,In Transit,Boat,DP-46,STF-115,Biometric,1,0,,none
37,DIST-000037,864,3,8,507,Food Ration,45,45,2025,2023-05-22,2023-05-25,3,Completed,Air,DP-22,STF-116,List-based,1,0,,none
38,DIST-000038,1662,4,1,371,Shelter Kit,33,250,8250,2023-01-06,2023-01-11,5,Delayed,Boat,DP-27,STF-183,List-based,1,1,,none
39,DIST-000039,645,8,3,168,Food Ration,42,45,1890,2022-06-17,2022-07-03,16,Delayed,Air,DP-50,STF-018,Biometric,0,0,,none
40,DIST-000040,546,14,1,932,Winterization Kit,35,75,2625,2024-07-20,2024-07-23,3,In Transit,Boat,DP-02,STF-175,List-based,1,1,,none
41,DIST-000041,895,10,4,741,Cash Transfer,15,100,1500,2024-01-11,2024-01-13,2,In Transit,Boat,DP-19,STF-114,Biometric,0,0,,none
42,DIST-000042,176,4,6,212,WASH Kit,18,60,1080,2022-07-31,2022-08-18,18,Delayed,Handcarry,DP-17,STF-193,Token,1,0,,none
43,DIST-000043,4812,12,3,788,Shelter Kit,13,250,3250,2024-02-27,2024-02-28,1,Completed,Air,DP-06,STF-076,List-based,1,0,,none
44,DIST-000044,3839,9,1,577,NFI Kit,50,85,4250,2023-07-31,2023-08-07,7,Completed,Boat,DP-47,STF-089,List-based,1,0,,none
45,DIST-000045,1324,3,3,111,Winterization Kit,47,75,3525,2022-04-21,2022-04-27,6,Completed,Truck,DP-09,STF-025,Biometric,0,0,,none
46,DIST-000046,1449,3,6,994,Winterization Kit,38,75,2850,2024-09-20,2024-09-24,4,Completed,Boat,DP-18,STF-090,Biometric,1,0,,none
47,DIST-000047,536,5,3,1002,Food Ration,49,45,2205,2024-09-28,2024-10-01,3,In Transit,Truck,DP-27,STF-054,List-based,1,0,,none
48,DIST-000048,4251,2,1,1004,Shelter Kit,11,250,2750,2024-09-30,2024-10-05,5,Completed,Boat,DP-12,STF-059,Token,1,0,,none
49,DIST-000049,1029,10,8,529,Shelter Kit,34,250,8500,2023-06-13,2023-06-22,9,Completed,Air,DP-11,STF-042,List-based,1,0,,none
50,DIST-000050,3654,3,8,378,Shelter Kit,42,250,10500,2023-01-13,2023-01-22,9,Completed,Truck,DP-13,STF-059,List-based,0,0,,none
51,DIST-000051,78,15,8,450,WASH Kit,34,60,2040,2023-03-26,2023-04-05,10,Failed,Handcarry,DP-47,STF-086,Voucher,1,0,,none
52,DIST-000052,370,14,3,169,Food Ration,47,45,2115,2022-06-18,2022-06-28,10,Completed,Air,DP-14,STF-170,List-based,1,1,,none
53,DIST-000053,4465,4,4,97,Winterization Kit,41,75,3075,2022-04-07,2022-04-11,4,Completed,Boat,DP-50,STF-054,List-based,1,0,,none
54,DIST-000054,3370,2,6,257,Medical Supplies,35,120,4200,2022-09-14,2022-09-20,6,Completed,Handcarry,DP-37,STF-072,Voucher,0,0,,none
55,DIST-000055,2492,7,10,1040,Cash Transfer,39,100,3900,2024-11-05,2024-11-13,8,Completed,Boat,DP-45,STF-030,Voucher,1,0,,none
56,DIST-000056,2029,12,6,646,NFI Kit,39,85,3315,2023-10-08,2023-10-15,7,Completed,Air,DP-32,STF-081,List-based,1,0,,none
57,DIST-000057,4304,9,9,182,Education Kit,7,35,245,2022-07-01,2022-07-07,6,Completed,Handcarry,DP-15,STF-063,List-based,1,0,,none
58,DIST-000058,798,10,2,72,WASH Kit,17,60,1020,2022-03-13,2022-03-29,16,Delayed,Air,DP-19,STF-156,Token,0,0,,none
59,DIST-000059,4702,11,5,730,Cash Transfer,5,100,500,2023-12-31,2024-01-10,10,In Transit,Boat,DP-03,STF-110,List-based,1,1,,none
60,DIST-000060,1487,6,2,813,Education Kit,31,35,1085,2024-03-23,2024-04-04,12,Delayed,Truck,DP-30,STF-092,Voucher,1,0,,none
61,DIST-000061,2996,4,5,1052,Education Kit,11,35,385,2024-11-17,2024-11-20,3,Partial,Air,DP-20,STF-171,List-based,0,0,,none
62,DIST-000062,1258,6,9,223,NFI Kit,46,85,3910,2022-08-11,2022-08-14,3,In Transit,Truck,DP-39,STF-077,Token,0,0,,none
63,DIST-000063,2983,8,7,875,Education Kit,6,35,210,2024-05-24,2024-06-02,9,Completed,Air,DP-15,STF-199,List-based,1,0,,none
64,DIST-000064,3150,8,10,783,Medical Supplies,33,120,3960,2024-02-22,2024-02-27,5,Completed,Air,DP-40,STF-026,List-based,1,1,,none
65,DIST-000065,1308,13,6,437,Food Ration,34,45,1530,2023-03-13,2023-03-14,1,In Transit,Truck,DP-45,STF-101,Token,0,0,,none
66,DIST-000066,4295,13,8,540,Education Kit,34,35,1190,2023-06-24,2023-06-27,3,Failed,Air,DP-01,STF-118,Biometric,1,1,,none
67,DIST-000067,2057,10,5,828,Cash Transfer,43,100,4300,2024-04-07,2024-04-09,2,Completed,Handcarry,DP-49,STF-155,Token,1,0,,none
68,DIST-000068,934,11,1,957,WASH Kit,15,60,900,2024-08-14,2024-09-01,18,Delayed,Boat,DP-02,STF-090,List-based,1,0,,none
69,DIST-000069,4377,12,10,613,WASH Kit,43,60,2580,2023-09-05,2023-09-06,1,Partial,Handcarry,DP-19,STF-044,Token,1,0,,none
70,DIST-000070,2542,15,8,291,Food Ration,19,45,855,2022-10-18,2022-10-20,2,Completed,Air,DP-34,STF-175,List-based,1,0,,none
71,DIST-000071,406,9,2,62,Medical Supplies,23,120,2760,2022-03-03,2022-03-07,4,Completed,Air,DP-06,STF-143,Biometric,1,0,,none
72,DIST-000072,300,5,7,368,Cash Transfer,10,100,1000,2023-01-03,2023-01-08,5,Completed,Boat,DP-43,STF-168,Token,1,0,,none
73,DIST-000073,431,2,6,467,Cash Transfer,1,100,100,2023-04-12,2023-04-18,6,Completed,Handcarry,DP-04,STF-069,Voucher,1,0,,none
74,DIST-000074,1745,10,1,920,WASH Kit,18,60,1080,2024-07-08,2024-07-24,16,Delayed,Boat,DP-10,STF-191,Voucher,1,0,,none
75,DIST-000075,4119,5,9,1026,Winterization Kit,26,75,1950,2024-10-22,2024-11-01,10,In Transit,Truck,DP-35,STF-184,Token,1,1,,none
76,DIST-000076,622,12,5,1062,NFI Kit,6,85,510,2024-11-27,2024-12-01,4,Completed,Handcarry,DP-03,STF-090,Voucher,0,0,,none
77,DIST-000077,1174,3,8,803,Medical Supplies,22,120,2640,2024-03-13,2024-03-17,4,Completed,Air,DP-25,STF-023,Biometric,1,0,,none
78,DIST-000078,3885,13,9,1062,Food Ration,46,45,2070,2024-11-27,2024-11-28,1,Completed,Handcarry,DP-11,STF-159,List-based,0,0,,none
79,DIST-000079,367,9,8,620,Food Ration,37,45,1665,2023-09-12,2023-09-18,6,Completed,Truck,DP-18,STF-097,List-based,1,1,,none
80,DIST-000080,3318,14,6,1050,Food Ration,8,45,360,2024-11-15,2024-11-21,6,Completed,Boat,DP-36,STF-195,Token,0,1,,none
81,DIST-000081,2728,9,10,901,Medical Supplies,47,120,5640,2024-06-19,2024-06-28,9,Completed,Handcarry,DP-50,STF-087,Voucher,1,0,,none
82,DIST-000082,4675,15,2,801,Medical Supplies,9,120,1080,2024-03-11,2024-03-11,0,Completed,Air,DP-35,STF-177,Token,1,0,,none
83,DIST-000083,1086,15,5,898,Medical Supplies,26,120,3120,2024-06-16,2024-06-23,7,Completed,Truck,DP-44,STF-056,Token,1,0,,none
84,DIST-000084,4461,6,9,888,Food Ration,30,45,1350,2024-06-06,2024-06-12,6,Completed,Truck,DP-45,STF-038,Biometric,1,0,,none
85,DIST-000085,3096,5,6,692,WASH Kit,28,60,1680,2023-11-23,2023-11-29,6,Completed,Air,DP-26,STF-050,Biometric,1,1,,none
86,DIST-000086,1442,13,3,293,Medical Supplies,4,120,480,2022-10-20,2022-10-22,2,Failed,Truck,DP-04,STF-060,Token,1,1,,none
87,DIST-000087,3654,11,9,619,Medical Supplies,32,120,3840,2023-09-11,2023-09-17,6,Delayed,Air,DP-15,STF-052,List-based,0,0,,none
88,DIST-000088,3860,12,8,446,WASH Kit,39,60,2340,2023-03-22,2023-03-24,2,Completed,Air,DP-38,STF-175,Voucher,1,0,,none
89,DIST-000089,3637,4,4,140,Food Ration,48,45,2160,2022-05-20,2022-05-27,7,Completed,Boat,DP-46,STF-002,List-based,1,1,,none
90,DIST-000090,4931,12,5,968,Cash Transfer,6,100,600,2024-08-25,2024-09-03,9,In Transit,Air,DP-35,STF-035,Voucher,0,0,,none
91,DIST-000091,4474,10,4,640,NFI Kit,50,85,4250,2023-10-02,2023-10-05,3,Completed,Truck,DP-16,STF-141,Biometric,1,0,,none
92,DIST-000092,1620,4,9,447,Medical Supplies,28,120,3360,2023-03-23,2023-04-02,10,Delayed,Handcarry,DP-05,STF-077,Biometric,1,0,,none
93,DIST-000093,2364,2,10,848,WASH Kit,27,60,1620,2024-04-27,2024-05-07,10,Completed,Boat,DP-35,STF-028,Biometric,1,0,,none
94,DIST-000094,4740,11,3,591,NFI Kit,11,85,935,2023-08-14,2023-08-15,1,In Transit,Handcarry,DP-48,STF-130,List-based,1,0,,none
95,DIST-000095,318,1,2,302,Cash Transfer,1,100,100,2022-10-29,2022-11-01,3,Completed,Air,DP-47,STF-037,Token,1,1,,none
96,DIST-000096,284,9,4,901,Cash Transfer,40,100,4000,2024-06-19,2024-06-23,4,Failed,Boat,DP-08,STF-002,Voucher,1,0,,none
97,DIST-000097,2780,5,3,552,Medical Supplies,32,120,3840,2023-07-06,2023-07-10,4,Completed,Boat,DP-06,STF-127,List-based,1,0,,none
98,DIST-000098,1763,1,3,1023,NFI Kit,33,85,2805,2024-10-19,2024-10-29,10,Delayed,Truck,DP-04,STF-155,Biometric,1,0,,none
99,DIST-000099,87,10,2,141,Shelter Kit,42,250,10500,2022-05-21,2022-05-30,9,Completed,Handcarry,DP-50,STF-148,Voucher,1,1,,none
100,DIST-000100,2465,1,3,186,NFI Kit,23,85,1955,2022-07-05,2022-07-14,9,Completed,Handcarry,DP-14,STF-028,Biometric,0,0,,none
101,DIST-000101,2404,14,9,868,Shelter Kit,5,250,1250,2024-05-17,2024-05-24,7,In Transit,Handcarry,DP-28,STF-173,Token,1,0,,none
102,DIST-000102,3588,11,9,876,NFI Kit,37,85,3145,2024-05-25,2024-05-27,2,In Transit,Truck,DP-20,STF-044,Token,1,0,,none
103,DIST-000103,2529,1,2,181,Cash Transfer,4,100,400,2022-06-30,2022-07-20,20,Delayed,Air,DP-23,STF-152,Voucher,1,0,,none
104,DIST-000104,3922,2,2,706,Education Kit,36,35,1260,2023-12-07,2023-12-12,5,Completed,Truck,DP-21,STF-039,Biometric,1,0,,none
105,DIST-000105,2248,1,6,854,Education Kit,37,35,1295,2024-05-03,2024-05-03,0,Completed,Boat,DP-42,STF-165,List-based,1,0,,none
106,DIST-000106,1031,15,5,30,Food Ration,49,45,2205,2022-01-30,2022-02-02,3,Completed,Truck,DP-34,STF-113,Token,1,1,,none
107,DIST-000107,1355,4,3,792,Shelter Kit,19,250,4750,2024-03-02,2024-03-05,3,Completed,Air,DP-21,STF-142,Biometric,1,0,,none
108,DIST-000108,3935,1,4,152,Winterization Kit,1,75,75,2022-06-01,2022-06-04,3,Completed,Air,DP-21,STF-139,Voucher,1,0,,none
109,DIST-000109,3838,7,3,49,Shelter Kit,43,250,10750,2022-02-18,2022-02-23,5,Completed,Handcarry,DP-04,STF-131,Voucher,1,0,,none
110,DIST-000110,2162,14,1,806,Cash Transfer,25,100,2500,2024-03-16,2024-03-19,3,Completed,Boat,DP-18,STF-057,List-based,1,0,,none
111,DIST-000111,2519,10,3,1031,WASH Kit,43,60,2580,2024-10-27,2024-10-31,4,Completed,Handcarry,DP-41,STF-076,Voucher,1,1,,none
112,DIST-000112,1778,5,1,116,Food Ration,43,45,1935,2022-04-26,2022-05-10,14,Delayed,Truck,DP-33,STF-031,List-based,1,0,,none
113,DIST-000113,1028,14,7,7,NFI Kit,24,85,2040,2022-01-07,2022-01-15,8,In Transit,Truck,DP-47,STF-192,List-based,1,1,,none
114,DIST-000114,3631,13,4,516,Medical Supplies,16,120,1920,2023-05-31,2023-06-02,2,Completed,Air,DP-45,STF-136,Token,1,0,,none
115,DIST-000115,1281,14,1,699,NFI Kit,1,85,85,2023-11-30,2023-12-04,4,Delayed,Boat,DP-13,STF-140,List-based,0,1,,none
116,DIST-000116,3028,8,10,314,Cash Transfer,14,100,1400,2022-11-10,2022-11-14,4,Partial,Handcarry,DP-21,STF-020,Voucher,1,0,,none
117,DIST-000117,929,5,7,204,NFI Kit,3,85,255,2022-07-23,2022-07-27,4,Completed,Truck,DP-47,STF-117,Voucher,1,0,,none
118,DIST-000118,619,14,8,922,Education Kit,41,35,1435,2024-07-10,2024-07-10,0,Completed,Air,DP-50,STF-029,Token,1,0,,none
119,DIST-000119,781,4,3,882,WASH Kit,24,60,1440,2024-05-31,2024-06-03,3,Completed,Handcarry,DP-21,STF-052,Biometric,0,1,,none
120,DIST-000120,3078,14,9,269,Cash Transfer,12,100,1200,2022-09-26,2022-09-28,2,In Transit,Boat,DP-02,STF-165,Biometric,1,0,,none
121,DIST-000121,4422,8,6,405,Cash Transfer,35,100,3500,2023-02-09,2023-02-09,0,Completed,Truck,DP-12,STF-038,Token,1,0,,none
122,DIST-000122,3048,10,8,1087,Winterization Kit,46,75,3450,2024-12-22,2024-12-26,4,Completed,Air,DP-15,STF-089,Biometric,1,0,,none
123,DIST-000123,2547,13,7,328,NFI Kit,8,85,680,2022-11-24,2022-12-02,8,Delayed,Boat,DP-05,STF-100,Voucher,1,0,,none
124,DIST-000124,1532,8,10,1006,Winterization Kit,42,75,3150,2024-10-02,2024-10-12,10,Delayed,Air,DP-01,STF-089,List-based,1,0,,none
125,DIST-000125,46,12,8,752,Shelter Kit,23,250,5750,2024-01-22,2024-01-25,3,Partial,Air,DP-01,STF-075,Voucher,1,0,,none
126,DIST-000126,4607,6,10,229,NFI Kit,45,85,3825,2022-08-17,2022-08-24,7,Completed,Boat,DP-19,STF-057,Voucher,0,1,,none
127,DIST-000127,93,2,5,423,NFI Kit,39,85,3315,2023-02-27,2023-02-27,0,Completed,Truck,DP-35,STF-028,Biometric,1,0,,none
128,DIST-000128,103,2,5,144,Winterization Kit,23,75,1725,2022-05-24,2022-06-02,9,Completed,Handcarry,DP-35,STF-112,Voucher,1,0,,none
129,DIST-000129,2504,5,9,441,Shelter Kit,15,250,3750,2023-03-17,2023-03-22,5,In Transit,Air,DP-20,STF-067,Token,1,0,,none
130,DIST-000130,1211,13,9,44,Medical Supplies,36,120,4320,2022-02-13,2022-02-23,10,Completed,Truck,DP-26,STF-021,Voucher,0,0,,none
131,DIST-000131,4386,11,9,670,Food Ration,32,45,1440,2023-11-01,2023-11-03,2,Completed,Handcarry,DP-08,STF-079,Token,1,0,,none
132,DIST-000132,2503,3,9,603,Education Kit,34,35,1190,2023-08-26,2023-08-29,3,Partial,Handcarry,DP-12,STF-014,Voucher,1,0,,none
133,DIST-000133,1039,13,3,457,Winterization Kit,4,75,300,2023-04-02,2023-04-06,4,Completed,Air,DP-09,STF-123,List-based,1,0,,none
134,DIST-000134,2652,6,9,723,NFI Kit,17,85,1445,2023-12-24,2023-12-24,0,Completed,Air,DP-16,STF-185,Voucher,1,0,,none
135,DIST-000135,2289,9,6,204,Food Ration,21,45,945,2022-07-23,2022-07-29,6,Delayed,Boat,DP-16,STF-169,Voucher,0,0,,none
136,DIST-000136,378,15,10,546,Shelter Kit,43,250,10750,2023-06-30,2023-07-01,1,Completed,Truck,DP-47,STF-052,Voucher,1,0,,none
137,DIST-000137,2335,3,2,833,Education Kit,7,35,245,2024-04-12,2024-04-17,5,Completed,Boat,DP-29,STF-049,Voucher,0,0,,none
138,DIST-000138,3201,6,6,659,Medical Supplies,19,120,2280,2023-10-21,2023-10-28,7,Delayed,Boat,DP-08,STF-166,List-based,0,1,,none
139,DIST-000139,3688,9,1,227,Shelter Kit,37,250,9250,2022-08-15,2022-08-25,10,Completed,Air,DP-40,STF-110,Token,1,0,,none
140,DIST-000140,2122,12,2,749,Cash Transfer,38,100,3800,2024-01-19,2024-01-21,2,Completed,Handcarry,DP-18,STF-082,Token,1,0,,none
141,DIST-000141,4949,14,10,715,NFI Kit,24,85,2040,2023-12-16,2023-12-22,6,Completed,Air,DP-15,STF-122,Voucher,0,0,,none
142,DIST-000142,4059,6,4,413,Cash Transfer,12,100,1200,2023-02-17,2023-02-23,6,Completed,Air,DP-04,STF-128,Biometric,1,0,,none
143,DIST-000143,170,9,4,674,Shelter Kit,11,250,2750,2023-11-05,2023-11-13,8,Partial,Handcarry,DP-14,STF-039,Voucher,1,0,,none
144,DIST-000144,4073,6,6,827,Shelter Kit,31,250,7750,2024-04-06,2024-04-10,4,Completed,Air,DP-26,STF-101,Token,1,0,,none
145,DIST-000145,132,2,7,295,Medical Supplies,20,120,2400,2022-10-22,2022-10-30,8,Completed,Handcarry,DP-18,STF-200,Biometric,1,0,,none
146,DIST-000146,3205,5,10,417,Shelter Kit,31,250,7750,2023-02-21,2023-03-02,9,Partial,Air,DP-24,STF-057,List-based,0,0,,none
147,DIST-000147,2385,12,6,216,NFI Kit,46,85,3910,2022-08-04,2022-08-06,2,Partial,Handcarry,DP-30,STF-021,Voucher,0,0,,none
148,DIST-000148,3532,2,4,126,Cash Transfer,38,100,3800,2022-05-06,2022-05-12,6,Completed,Handcarry,DP-15,STF-048,Voucher,1,0,,none
149,DIST-000149,2857,11,8,938,Shelter Kit,5,250,1250,2024-07-26,2024-08-02,7,Completed,Handcarry,DP-48,STF-046,Biometric,1,0,,none
150,DIST-000150,4824,8,7,459,Winterization Kit,39,75,2925,2023-04-04,2023-04-10,6,Completed,Air,DP-30,STF-103,Voucher,1,0,,none
151,DIST-000151,3285,11,1,839,Medical Supplies,3,120,360,2024-04-18,2024-04-25,7,Completed,Air,DP-14,STF-182,Voucher,1,0,,none
152,DIST-000152,2990,13,4,1005,Education Kit,15,35,525,2024-10-01,2024-10-07,6,Delayed,Truck,DP-33,STF-117,Biometric,0,0,,none
153,DIST-000153,1802,8,8,1078,WASH Kit,48,60,2880,2024-12-13,2024-12-18,5,Delayed,Boat,DP-44,STF-164,Token,1,0,,none
154,DIST-000154,17,9,6,844,Food Ration,40,45,1800,2024-04-23,2024-05-02,9,Completed,Boat,DP-30,STF-194,Voucher,1,0,,none
155,DIST-000155,3179,13,2,817,Education Kit,10,35,350,2024-03-27,2024-04-05,9,Failed,Truck,DP-35,STF-114,Voucher,0,0,,none
156,DIST-000156,4014,4,7,785,Winterization Kit,28,75,2100,2024-02-24,2024-03-01,6,Completed,Handcarry,DP-15,STF-096,Voucher,0,0,,none
157,DIST-000157,2960,1,8,24,WASH Kit,1,60,60,2022-01-24,2022-02-03,10,Completed,Boat,DP-08,STF-182,Voucher,1,0,,none
158,DIST-000158,3764,2,2,105,WASH Kit,10,60,600,2022-04-15,2022-04-25,10,Partial,Air,DP-01,STF-165,Token,1,1,,none
159,DIST-000159,4117,14,10,990,Education Kit,8,35,280,2024-09-16,2024-09-18,2,Failed,Boat,DP-27,STF-181,Biometric,0,0,,none
160,DIST-000160,4525,15,3,83,Food Ration,9,45,405,2022-03-24,2022-04-01,8,Failed,Truck,DP-10,STF-044,Voucher,1,0,,none
161,DIST-000161,3386,7,2,795,WASH Kit,6,60,360,2024-03-05,2024-03-10,5,Completed,Handcarry,DP-26,STF-105,Voucher,0,0,,none
162,DIST-000162,2448,14,1,1020,Medical Supplies,35,120,4200,2024-10-16,2024-10-19,3,Partial,Air,DP-49,STF-147,Voucher,1,1,,none
163,DIST-000163,4735,5,1,1070,Cash Transfer,12,100,1200,2024-12-05,2024-12-14,9,Partial,Truck,DP-30,STF-104,List-based,1,0,,none
164,DIST-000164,1718,3,8,608,WASH Kit,37,60,2220,2023-08-31,2023-09-04,4,Completed,Truck,DP-44,STF-175,Token,1,0,,none
165,DIST-000165,1265,5,8,660,Food Ration,49,45,2205,2023-10-22,2023-11-08,17,Delayed,Boat,DP-25,STF-177,List-based,1,0,,none
166,DIST-000166,2058,8,10,846,Winterization Kit,8,75,600,2024-04-25,2024-04-26,1,Completed,Handcarry,DP-27,STF-139,Biometric,0,0,,none
167,DIST-000167,236,12,1,235,Cash Transfer,29,100,2900,2022-08-23,2022-08-30,7,Completed,Handcarry,DP-25,STF-172,Biometric,1,0,,none
168,DIST-000168,3524,1,4,29,Shelter Kit,50,250,12500,2022-01-29,2022-02-06,8,Completed,Air,DP-09,STF-064,List-based,1,0,,none
169,DIST-000169,831,10,5,61,NFI Kit,17,85,1445,2022-03-02,2022-03-12,10,In Transit,Handcarry,DP-12,STF-163,Biometric,1,0,,none
170,DIST-000170,2113,3,6,48,Food Ration,37,45,1665,2022-02-17,2022-02-18,1,Completed,Air,DP-37,STF-104,List-based,1,0,,none
171,DIST-000171,800,12,6,675,Winterization Kit,50,75,3750,2023-11-06,2023-11-12,6,Completed,Air,DP-27,STF-078,List-based,1,0,,none
172,DIST-000172,4189,7,3,362,Winterization Kit,24,75,1800,2022-12-28,2023-01-16,19,Delayed,Air,DP-04,STF-187,Voucher,1,0,,none
173,DIST-000173,3321,14,1,403,Cash Transfer,20,100,2000,2023-02-07,2023-02-09,2,Completed,Boat,DP-34,STF-148,List-based,0,0,,none
174,DIST-000174,4713,7,10,44,Cash Transfer,36,100,3600,2022-02-13,2022-02-16,3,Completed,Handcarry,DP-05,STF-016,List-based,1,0,,none
175,DIST-000175,1832,2,2,1014,Education Kit,17,35,595,2024-10-10,2024-10-19,9,Completed,Truck,DP-25,STF-182,Token,1,0,,none
176,DIST-000176,824,4,10,53,NFI Kit,42,85,3570,2022-02-22,2022-03-01,7,Partial,Truck,DP-22,STF-049,Token,1,0,,none
177,DIST-000177,2793,12,10,1039,Medical Supplies,47,120,5640,2024-11-04,2024-11-06,2,Partial,Handcarry,DP-42,STF-014,Voucher,0,0,,none
178,DIST-000178,4210,4,4,1011,Food Ration,2,45,90,2024-10-07,2024-10-08,1,Completed,Boat,DP-43,STF-050,Voucher,0,0,,none
179,DIST-000179,1010,11,5,640,Food Ration,17,45,765,2023-10-02,2023-10-05,3,Partial,Air,DP-01,STF-009,Token,1,0,,none
180,DIST-000180,1829,12,4,357,Shelter Kit,36,250,9000,2022-12-23,2022-12-24,1,Completed,Air,DP-20,STF-043,Biometric,1,0,,none
181,DIST-000181,3251,11,5,897,Winterization Kit,21,75,1575,2024-06-15,2024-06-22,7,Partial,Air,DP-11,STF-180,List-based,1,0,,none
182,DIST-000182,3439,2,6,513,Cash Transfer,30,100,3000,2023-05-28,2023-05-29,1,In Transit,Air,DP-18,STF-058,Voucher,1,0,,none
183,DIST-000183,2071,10,3,939,Winterization Kit,45,75,3375,2024-07-27,2024-08-03,7,Delayed,Handcarry,DP-18,STF-013,Voucher,1,0,,none
184,DIST-000184,321,12,1,419,WASH Kit,25,60,1500,2023-02-23,2023-02-27,4,Completed,Truck,DP-29,STF-040,Token,1,0,,none
185,DIST-000185,2702,10,8,801,Shelter Kit,8,250,2000,2024-03-11,2024-03-13,2,Completed,Handcarry,DP-13,STF-184,Biometric,1,0,,none
186,DIST-000186,4518,15,1,656,NFI Kit,9,85,765,2023-10-18,2023-10-28,10,Delayed,Truck,DP-38,STF-039,Voucher,1,0,,none
187,DIST-000187,251,15,8,424,Shelter Kit,43,250,10750,2023-02-28,2023-02-28,0,Completed,Air,DP-42,STF-132,Token,1,0,,none
188,DIST-000188,3361,4,1,612,NFI Kit,33,85,2805,2023-09-04,2023-09-08,4,Completed,Boat,DP-08,STF-036,List-based,1,0,,none
189,DIST-000189,2730,9,6,299,Education Kit,32,35,1120,2022-10-26,2022-11-06,11,Delayed,Truck,DP-25,STF-011,Voucher,0,0,,none
190,DIST-000190,4382,12,5,402,Winterization Kit,27,75,2025,2023-02-06,2023-02-11,5,Partial,Handcarry,DP-48,STF-025,Voucher,1,1,,none
191,DIST-000191,2605,10,6,837,NFI Kit,8,85,680,2024-04-16,2024-04-25,9,Completed,Boat,DP-14,STF-021,Token,1,0,,none
192,DIST-000192,2765,8,9,801,Winterization Kit,49,75,3675,2024-03-11,2024-03-15,4,Completed,Truck,DP-08,STF-034,Voucher,1,0,,none
193,DIST-000193,4514,14,4,346,WASH Kit,41,60,2460,2022-12-12,2022-12-19,7,Completed,Handcarry,DP-21,STF-177,List-based,1,1,,none
194,DIST-000194,2651,13,9,89,WASH Kit,17,60,1020,2022-03-30,2022-04-04,5,Completed,Truck,DP-25,STF-147,Biometric,1,0,,none
195,DIST-000195,4423,9,9,973,Shelter Kit,40,250,10000,2024-08-30,2024-09-12,13,Delayed,Boat,DP-01,STF-102,Biometric,1,0,,none
196,DIST-000196,4884,10,6,72,Shelter Kit,4,250,1000,2022-03-13,2022-03-23,10,Completed,Air,DP-07,STF-145,Biometric,1,1,,none
197,DIST-000197,1590,8,8,1018,Food Ration,35,45,1575,2024-10-14,2024-10-22,8,In Transit,Truck,DP-22,STF-059,Biometric,1,1,,none
198,DIST-000198,3174,4,4,452,Winterization Kit,29,75,2175,2023-03-28,2023-03-30,2,Completed,Handcarry,DP-38,STF-035,List-based,1,0,,none
199,DIST-000199,3678,12,3,208,Cash Transfer,15,100,1500,2022-07-27,2022-07-30,3,Completed,Air,DP-09,STF-180,List-based,1,0,,none
200,DIST-000200,3461,5,2,36,NFI Kit,32,85,2720,2022-02-05,2022-02-07,2,Completed,Truck,DP-09,STF-172,Biometric,1,0,,none
